kingdom,phylum,class,order,family,genus,species list
""
,
,,
,,,
,,,,Cyclopteridae(cyclopt.)
,,,,,Eumicrotremus,phrynoides,derjugini,andriashevi,spinosus,orbis
,,,,Clariidae
,,,,,Clarias,batrachus
,,,,Tetraodontidae
,,,,,Colomesus,psittacus
,,,,Cottidae(psychrolutidae)
,,,,,Cottunculus,microps
,,,,Clupeidaeengraulinae
,,,,,Setipinna,tenuifilis,taty
,,,,Melanocetidae
,,,,,Melanocetus,johnsoni
,,,,Gobiesocidae
,,,,,Trachelochismus,melobesia
,,,,Cyprinidae
,,,,,Hypophthalmichthys,nobilis
,,,,Agonidae
,,,,,Agonus,cataphractus
,,,,Anostomidae
,,,,,Leporinus,fasciatus,ortomaculatus,nigrotaeniatus,agassizii,trifasciatus,taeniatus
,,Actinopterygii
,,,
,,,,Cyprinidae
,,,,,Chrosomus,erythrogaster,eos,oreas
,,,Scorpaeniformes
,,,,Triglidae
,,,,,Bellator,militaris
,,,Pleuronectiformes
,,,,Achiridae
,,,,,Achirus,scutum,lineatus
,,,,Pleuronectidae
,,,,,Parophrys,vetulus
,,,Elopiformes
,,,,Elopidae
,,,,,Elops,saurus
,,,Cypriniformes
,,,,Nemacheilidae
,,,,,Neonoemacheilus,labeosus
,,,,,Schistura,aurantiaca
,,,,,Nemacheilus,pallidus,masyae
,,,,Serpenticobitidae
,,,,,Serpenticobitis,zonata
,,,,Botiidae
,,,,,Chromobotia,macracanthus
,,,,Cobitidae
,,,,,Acantopsis,sp
,,,,Cyprinidae
,,,,,Microdevario,kubotai
,,,,,Tampichthys,ipni
,,,,,Cyprinella,lepida,lutrensis,camura,galactura,spiloptera,callistia,xaenurus,venusta,leedsi,whipplei,nivea,formosa,monacha,proserpina,analostana,labrosa,venusta cercostigma,trichroistia
,,,,Balitoridae
,,,,,Sinogastromyzon,puliensis
,,,,,Beaufortia,kweichowensis
,,,,,Balitoropsis,ophiolepis,zollingeri
,,,,,Pseudohomaloptera,sexmaculata
,,,,,Homalopterula,ripleyi,gymnogaster
,,,,,Homalopteroides,nebulosus,smithi,rupicola,weberi,avii,wassinkii
,,,,,Neohomaloptera,johorensis, johorensis
,,,,,Yaoshania,pachychilus
,,,Perciformes
,,,,Blenniidae
,,,,,Lupinoblennius,vinctus
,,,,Labrisomidae
,,,,,Labrisomus,nuchipinnis
,,,Gymnotiformes
,,,,Apteronotidae
,,,,,Sternarchorhynchus,cramptoni
,,,Tetraodontiformes
,,,,Tetraodontidae
,,,,,Pao,leiurus,cambodgiensis,suvattii
,,,Batrachoidiformes
,,,,Batrachoididae
,,,,,Opsanus,pardus,phobetron,beta
,,Myxini
,,,Myxiniformes
,,,,Myxinidae
,,,,,Eptatretus,lopheliae
,,Chondrichthyes
,,,Eugeneodontida
,,,,Edestidae
,,,,,Edestus,heinrichi
,,Reptilia
,,,Serpentes
,,,,Elapidae
,,,,,Micrurus,nigrocinctus
,,,Squamata
,,,,Chamaeleonidae
,,,,,Rieppeleon,brevicaudatus
,,,,Colubridae
,,,,,Ahaetulla,nasuta
,,,,Gekkonidae
,,,,,Unknown,sp.
,,,Sauria
,,,,Agamidae
,,,,,Lyriocephalus,scutatus
,,,,Sphaerodactylidae
,,,,,Sphaerodactylus,caicosensis
,,Mammalia
,,,Insectivora
,,,,Dormaaliidae
,,,,,Scenopagus,sp.
,,,Pantolesta
,,,,Pentacodontidae
,,,,,Aphronorus,orieli
,,,Primates
,,,,Carpolestidae
,,,,,Elphidotarsius,russelli,cf. florencae,sp.
,,Amphibia
,,,Anura
,,,,Aromobatidae
,,,,,Aromobates,mayorgai
,,,,Hylidae
,,,,,Tepuihyla,rodriguezi
,,,,,Agalychnis,calcarifer
,,,,,Triprion,petasatus
,,,,,Stefania,scalae
,,,,Rhacophoridae
,,,,,Philautus,petersi,surdus,worcesteri
,,,,,Nyctixalus,pictus,spinosus
,,,,Bufonidae
,,,,,Ansonia,mcgregori
,,,,Leptodactylidae
,,,,,Adenomera,andreae
,,,,Ceratobatrachidae
,,,,,Alcalus,mariae
,,,,,Platymantis,polillensis
,,,,,Cornufer,guppyi,guentheri
,,,Caudata
,,,,Salamandridae
,,,,,Triturus,cristatus
,,Actinopteri
,,,Clupeiformes
,,,,Clupeidae
,,,,,Nematalosa,come,nasus
,,,,,Opisthonema,libertate
,,,Scorpaeniformes
,,,,Agonidae
,,,,,Agonomalus,mozinoi,proboscidalis
,,,,,Occella,dodecaedron
,,,,Liparidae
,,,,,Nectoliparis,pelagicus
,,,,,Lipariscus,nanus,callyodon,curilensis,brashnikovi
,,,,Cottidae
,,,,,Ascelichthys,rhodorus
,,,,,Radulinopsis,derjavini
,,,,,Pseudoblennius,marmoratus
,,,,,Ricuzenius,nudithorax,pinetorum
,,,,,Stelgistrum,stejnegeri,beringianum
,,,Gobiesociformes
,,,,Gobiesocidae
,,,,,Diplecogaster,bimaculata
,,,,,Gouania,willdenowi
,,,,,Acyrtus,artius,rubiginosus
,,,,,Tomicodon,cryptus,rupestris,zebra,fasciatus
,,,Cypriniformes
,,,,Cyprinidae
,,,,,Snyderichthys,copei
,,,,,Pogonichthys,ciscoides
,,,,,Lepidomeda,albivallis,mollispinis
,,,,,Neolissochilus,soroides
,,,,,Relictus,solitarius
,,,,,Ptychocheilus,umpquae,grandis
,,,,Barbuccidae
,,,,,Barbucca,diabolica
,,,,Nemacheilidae
,,,,,Tuberoschistura,baenzigeri
,,,,Balitoridae
,,,,,Balitora,brucei,burmanica
,,,Perciformes
,,,,Labrisomidae
,,,,,Exerpes,asper
,,,,Chaenopsidae
,,,,,Neoclinus,toshimaensis,stephensae,lacunicola,bryope,uninotatus,blanchardi
,,,,Embiotocidae
,,,,,Micrometrus,minimus,aurora
,,,Gymnotiformes
,,,,Sternopygidae
,,,,,Archolaemus,blax
,,,Tetraodontiformes
,,,,Tetraodontidae
,,,,,Takifugu,oblongus
,,,,,Carinotetraodon,lorteti
,,,Siluriformes
,,,,Sisoridae
,,,,,Pseudolaguvia,kapuri
,,,Lophiiformes
,,,,Ogcocephalidae
,,,,,Ogcocephalus,darwini,cubifrons
,,,Salmoniformes
,,,,Salmonidae
,,,,,Oncorhynchus,mykiss
,,,Osteoglossiformes
,,,,Notopteridae
,,,,,Notopterus,notopterus
,,,Characiformes
,,,,Chalceidae
,,,,,Chalceus,macrolepidotus
,,,,Serrasalmidae
,,,,,Mylesinus,paucisquamatus
,,,,Triportheidae
,,,,,Triportheus,elongatus
,,,Gadiformes
,,,,Merlucciidae
,,,,,Merluccius,senegalensis
Animalia
,
,,
,,,
,,,,Chauliodontidae
,,,,,Chauliodus,sloani
,,Aves
,,,Passeriformes
,,,,Muscicapidae
,,,,,Luscinia,megarhynchos
,,,Piciformes
,,,,Picidae
,,,,,Dendrocopos,major
,,Reptilia
,,,Prosauropoda
,,,,
,,,,,Massospondylus,carinatus
,,Mammalia
,,,Lipotyphla
,,,,Dormaaliidae
,,,,,Crypholestes,vaughni
,,,Primates
,,,,Cebidae
,,,,,Neosaimiri,fieldsi
,,,,,Homunculus,tatacoensis,patagonicus
,Arthropoda
,,Crustacea
,,,Macrura(nephropsidea)
,,,,Nephropsidae
,,,,,Homarus,americanus
,Chordates
,,Amphibia
,,,Anura
,,,,Eleutherodactylidae
,,,,,Phyzelaphryne,miriamae
,Chordata
,,
,,,
,,,,Muraenidae
,,,,,Gymnothorax,chilospilus
,,,,Helogeneidae
,,,,,Helogenes,marmoratus
,,,,Cobitidae
,,,,,Sectoria,atriceps
,,,,Torpedinidae
,,,,,Narcine,westaustraliensis
,,,,Hiodontidae
,,,,,Hiodon,alosoides
,,,,Balistidae
,,,,,Pervagor,spilosoma,janthinosoma
,,,,Percopsidae
,,,,,Percopsis,omiscomaycus
,,,,Cottidae
,,,,,Artediellus,camchaticus,pacificus,miacanthus,fuscimentus,neyelovi,ochotensis,dydymovi,gomojunovi,uncinatus,scaber
,,,,,Myoxocephalus,polyacanthocephalus,niger,scorpius,scorpioides,quadricornis,stelleri,jaok,thompsonii
,,,,Cyprinidae
,,,,,Margariscus,margarita
,,,,Agonidae
,,,,,Brachyopsis,segaliensis
,,Sarcopterygii
,,,Lepidosireniformes
,,,,Lepidosirenidae
,,,,,Lepidosiren,paradoxa
,,Actinopterygii
,,,
,,,,Gobiesocidae
,,,,,Acyrtops,beryllinus
,,,Percopsiformes
,,,,Amblyopsidae
,,,,,Forbesichthys,agassizii
,,,,,Typhlichthys,subterraneus
,,,Gobiesociformes
,,,,Gobiesocidae
,,,,,Dellichthys,morelandi
,,,,,Discotrema,crinophilum
,,,,,Pherallodiscus,funebris
,,,,,Parvicrepis,parvipinnis
,,,,,Rimicola,muscarum
,,,,,Creocele,cardinalis
,,,,,Arcos,macrophthalmus,erythrops,poecilophthalmos,nudus
,,,,,Cochleoceps,viridis,spatula,bassensis
,,,,,Alabes,hoesei
,,,,,Diademichthys,lineatus
,,,,,Aspasmichthys,ciconiae
,,,,,Lepadichthys,lineatus,frenatus,bolini
,,,,,Posidonichthys,hutchinsi
,,,,,Aspasmodes,briggsi
,,,,,Aspasmogaster,costata,tasmaniensis,liorhyncha
,,,Perciformes
,,,,Tripterygiidae
,,,,,Notoclinops,segmentatus
,,,,,Enneanectes,macrops,reticulatus,carminalis
,,,,,Norfolkia,brachylepis
,,,,,Helcogramma
,,,,,Axoclinus,storeyae,nigricaudus
,,,,,Helcogrammoides,chilensis
,,,,,Enneapterygius
,,,,,Crocodilichthys,gracilis
,,,,Zoarcidae
,,,,,Bothrocara,nyx,brunneum
,,,,Ammodytidae
,,,,,Ammodytes,personatus
,,,,Bathymasteridae
,,,,,Bathymaster,leurolepis
,,,,Sparidae
,,,,,Lagodon,rhomboides
,,,,Cichlidae
,,,,,Labeotropheus
,,,,,Labidochromis,sp
,,,,Chaenopsidae
,,,,,Protemblemaria,perla,bicirrus
,,,,,Coralliozetus,cardonae
,,,,,Hemiemblemaria,simulus
,,,,,Chaenopsis,alepidota,coheni
,,,,,Stathmonotus,sinuscalifornici
,,,,,Mccoskerichthys,sandae
,,,,,Emblemariopsis,randalli
,,,,,Emblemaria,atlantica,diphyodontis,pandionis,walkeri,nivipes
,,,,Blenniidae
,,,,,Parablennius,yatabei
,,,,,Andamia,tetradactylus
,,,,,Meiacanthus,atrodorsalis,nigrolineatus,kamoharai
,,,,,Antennablennius,bifilum
,,,,,Hirculops,cornifer
,,,,,Ecsenius,namiyei
,,,,,Omobranchus,punctatus
,,,,,Salarias,fasciatus
,,,,,Plagiotremus,tapeinosoma,rhinorhynchos
,,,,,Hypleurochilus,pseudoaequipinnis,springeri
,,,,,Petroscirtes,mitratus
,,,,,Hypsoblennius,brevipinnis,robustus,striatus,gilberti,jenkinsi
,,,,,Rhabdoblennius,nitidus
,,,,,Xiphasia,matsubarai
,,,,,Atrosalarias,fuscus
,,,,,Aspidontus,taeniatus
,,,,Gobiidae
,,,,,Risor,ruber
,,,,,Gobiopterus,chuno
,,,,,Sicydium,plumieri
,,,,,Gillichthys,mirabilis
,,,,Serranidae
,,,,,Mirolabrichthys,dispar
,,,,Labrisomidae
,,,,,Malacoctenus,boehlkei,ebisui,hubbsi,triangulatus,margaritae,zonogaster,zonifer
,,,,,Paraclinus,walkeri,integripinnis,altivelis,monophthalmus,sini
,,,,,Starksia,spinipenis,fulva
,,,,,Xenomedea,rhodopyga
,,,,,Dialommus,fuscus
,,,,Anarhichadidae
,,,,,Anarhichas,orientalis
,,,,,Anarrhichthys,ocellatus
,,,,Zaproridae
,,,,,Zaprora,silenus
,,,,Clinidae
,,,,,Heteroclinus,whiteleggii
,,,,,Heterostichus,rostratus
,,,,,Cristiceps,australis
,,,,,Clinus,cottoides
,,,,,Climacoporus,navalis
,,,,,Pavoclinus,graminis
,,,,Grammatidae
,,,,,Gramma,loreto
,,,,Dactyloscopidae
,,,,,Heteristius,cinctus
,,,,,Gillellus,searcheri
,,,,,Dactyloscopus,pectoralis
,,,,Trichodontidae
,,,,,Trichodon,trichodon
,,,,Cryptacanthodidae
,,,,,Cryptacanthodes,giganteus
,,,,Gobiesocidae
,,,,,Gobiesox,nigripinnis,strumosus,fulvus,multitentaculus,pinniger,marmoratus
,,,,Embiotocidae
,,,,,Cymatogaster,aggregata
,,,,,Embiotoca,jacksoni,lateralis
,,,,,Hysterocarpus,traskii
,,,,,Brachyistius,frenatus
,,,,,Hyperprosopon,anale,argenteum
,,,,,Phanerodon,furcatus
,,,,,Amphistichus,koelzi,argenteus,rhodoterus
,,,,,Rhacochilus,toxotes,vacca
,,,,,Ditrema,temminckii
,,,,,Neoditrema,ransonnetii
,,,,,Hypsurus,caryi
,,,Gymnotiformes
,,,,Sternopygidae
,,,,,Sternopygus,arenatus,pejeraton
,,,,,Eigenmannia,macrops,virescens
,,,,Apteronotidae
,,,,,Apteronotus,macrostomus
,,,,,Compsaraia,samueli
,,,Esociformes
,,,,Esocidae
,,,,,Esox,americanus
,,,Gadiformes
,,,,Macrouridae
,,,,,Albatrossia,pectoralis
,,,,,Nezumia,liolepis
,,,,,Coryphaenoides,,longifilis,filifer,cinereus,acrolepis
,,,Clupeiformes
,,,,Engraulidae
,,,,,Amazonsprattus,scintilla
,,,,,Engraulis,mordax,japonicus
,,,,,Encrasicholina,purpurea,punctifer,heteroloba
,,,,,Thryssa,dussumieri,setirostris,hamiltonii,spinidens,kammalensis,baelama
,,,,,Anchoa,mitchilli,hepsetus
,,,,,Stolephorus,waitei,chinensis,brachycephalus,indicus,nelsoni
,,,,Pristigasteridae
,,,,,Ilisha,melastoma
,,,,,Opisthopterus,tardoore
,,,,Clupeidae
,,,,,Escualosa,thoracata
,,,,,Amblygaster,,sp.,sirm
,,,,,Herklotsichthys,castelnaui,dispilonotus
,,,,,Sardinella,lemuru,gibbosa
,,,,,Dorosoma,cepedianum
,,,,,Anodontostoma,chacunda
,,,,,Sardinops,sagax
,,,,,Brevoortia,tyrannus
,,,,,Clupeichthys,aesarnensis
,,,,,Clupea,pallasii
,,,,,Alosa,pseudoharengus,aestivalis
,,,,,Dussumieria,acuta
,,,Scorpaeniformes
,,,,Anoplopomatidae
,,,,,Anoplopoma,fimbria
,,,,,Erilepis,zonifer
,,,,Abyssocottidae
,,,,,Asprocottus,herzensteini
,,,,,Abyssocottus,korotneffi
,,,,Rhamphocottidae
,,,,,Rhamphocottus,richardsonii
,,,,Scorpaenidae
,,,,,Sebastolobus,alascanus
,,,,Normanichthyidae
,,,,,Normanichthys,crockeri
,,,,Liparidae
,,,,,Crystallias,matsushimae
,,,,,Rhinoliparis,barbulifer,attenuatus
,,,,,Acantholiparis,opercularis
,,,,,Crystallichthys,cyclospilus
,,,,,Careproctus,faunus,staufferi,ovigerus,rastrinus,cypselurus,ostentum,simus,abbreviatus,curilanus,ectenes,furcellus,gilberti,bowersianus,canus,lycopersicus,zachirus,seraphimae,nelsoni,comus,acanthodes,phasma,melanurus,colletti,kamikawai
,,,,,Paraliparis,bullacephalus,penicillus,ulochir,paucidens,grandis,dactylosus,rosaceus,cephalus,holomelas,mento,pectoralis,albeolus,adustus
,,,,,Liparis,florae,dennyi,rutteri,bristolensis,tunicatus,fabricii,marmoratus,tessellatus,cyclopus,fucensis,miostomus,mucosus,pulchellus,gibbus
,,,,,Lopholiparis,flerxi
,,,,,Elassodiscus,tremebundus,caudatus
,,,,,Prognatholiparis,ptychomandibularis
,,,,,Gyrinichthys,minytremus
,,,,,Polypera,simushirae,greeni
,,,,,Allocareproctus,jordani,tanix,unangas,ungak,kallaion
,,,,,Palmoliparis,beckeri
,,,,Platycephalidae
,,,,,Elates,ransonnettii
,,,,,Grammoplites,scaber
,,,,Hemitripteridae
,,,,,Blepsias,cirrhosus,bilobus
,,,,,Hemitripterus,americanus,bolini
,,,,,Nautichthys,oculofasciatus,pribilovius
,,,,Comephoridae
,,,,,Comephorus,dybowskii
,,,,Hexagrammidae
,,,,,Oxylebius,pictus
,,,,,Pleurogrammus,monopterygius
,,,,,Hexagrammos,decagrammus,stelleri,octogrammus,lagocephalus
,,,,,Zaniolepis,latipinnis,frenata
,,,,,Ophiodon,elongatus
,,,,Triglidae
,,,,,Prionotus,longispinosus,martis,stearnsi,ophryas
,,,,Cottidae
,,,,,Icelinus,pietschi,borealis,cavifrons,quadriseriatus,filamentosus,oculatus,tenuis,burchami
,,,,,Enophrys,taurina,lucasi,bison,diceraus
,,,,,Atopocottus,tribranchius
,,,,,Stlengis,distoechus,osensis
,,,,,Oligocottus,maculosus,snyderi
,,,,,Furcina,osimae,ishikawae
,,,,,Ocynectes,modestus
,,,,,Thyriscus,anoplus
,,,,,Triglops,dorothy,forficatus,jordani,macellus,scepticus,murrayi,metopias,xenostethus,pingelii
,,,,,Cottocomephorus,grewingkii
,,,,,Rastrinus,scutiger
,,,,,Vellitor,minutus,centropomus
,,,,,Chitonotus,pugetensis
,,,,,Zesticelus,profundorum
,,,,,Cottiusculus,gonez
,,,,,Cottus,asper,chatahoochee,hypselurus,cognatus,gobio,greenei,ricei,hangiongensis,poecilopus,immaculatus,pitensis,spinulosus,extensus,klamathensis,perplexus,tenuis,baileyi,carolinae,amblystomopsis,gulosus,asperrimus,bairdii,hubbsi,echinatus,beldingii,rhotheus,aleuticus,princeps,pollux,marginatus,leiopomus,bendirei,confusus,specus
,,,,,Phasmatocottus,ctenopterygius
,,,,,Bolinia,euryptera
,,,,,Scorpaenichthys,marmoratus
,,,,,Paricelinus,hopliticus
,,,,,Bero,elegans
,,,,,Paracottus,knerii
,,,,,Asemichthys,taylori
,,,,,Trichocottus,brashnikovi
,,,,,Hemilepidotus,hemilepidotus,jordani,papilio,zapus,spinosus
,,,,,Icelus,bicornis,spatula,stenosomus,ochotensis,spiniger,uncinalis,canaliculatus,euryops
,,,,,Sigmistes,smithi
,,,,,Synchirus,gilli
,,,,,Jordania,zonope
,,,,,Archistes,biseriatus
,,,,,Gymnocanthus,tricuspis,pistilliger,intermedius,galeatus,detrisus
,,,,,Ruscarius,meanyi
,,,,,Leiocottus,hirundo
,,,,,Leptocottus,armatus
,,,,,Phallocottus,obtusus
,,,,,Megalocottus,platycephalus
,,,,,Porocottus,allisi,camtschaticus
,,,,Psychrolutidae
,,,,,Eurymen,gyrinus
,,,,,Psychrolutes,paradoxus,phrictus,sigalutes
,,,,,Dasycottus,setiger
,,,,,Malacocottus,zonurus,kincaidi
,,,,Cyclopteridae
,,,,,Aptocyclus,ventricosus
,,,,Agonidae
,,,,,Bathyagonus,pentacanthus,nigripinnis
,,,,,Bothragonus,occidentalis,swani
,,,,,Aspidophoroides,monopterygius,olrikii
,,,,,Stellerina,xyosterna
,,,,,Podothecus,veternus,accipenserinus
,,,,,Agonopsis,chiloensis,vulsa,sterletus
,,,,,Hypsagonus,quadricornis,corniger
,,,,,Sarritor,leptorhynchus,frenatus
,,,,,Xeneretmus,leiops,triacanthus,latifrons,ritteri
,,,,,Odontopyxis,trispinosa
,,,,,Leptagonus,decagonus
,,,,,Percis,japonica
,,,,,Anoplagonus,inermis
,,,Anguilliformes
,,,,Congridae
,,,,,Heteroconger,longissimus
,,,,Anguillidae
,,,,,Anguilla,rostrata
,,,Aphredoderiformes
,,,,Amblyopsidae
,,,,,Chologaster,cornuta
,,,Osteoglossiformes
,,,,Mormyridae
,,,,,Brevimyrus,niger
,,,Aulopiformes
,,,,Ipnopidae
,,,,,Bathypterois,quadrifilis
,,,Batrachoidiformes
,,,,Batrachoididae
,,,,,Aphos,porosus
,,,,,Perulibatrachus,rossignoli
,,,,,Halophryne,ocellatus,diemensis
,,,,,Thalassophryne,amazonica,nattereri,maculosa
,,,,,Daector,reticulata,dowi
,,,,,Barchatus,indicus,cirrhosus
,,,,,Triathalassothia,argentina
,,,,,Chatrabus,melanurus
,,,,,Allenbatrachus,reticulatus
,,,,,Sanopus,reticulatus,astrifer,greenfieldorum
,,,,,Colletteichthys,dussumieri,occidentalis
,,,,,Porichthys,bathoiketes,greenei,pauciradiatus,porosissimus,margaritatus,plectrodon
,,,,,Vladichthys,gloverensis
,,,,,Bifax,lacinia
,,,,,Batrachomoeus,dubius,trispinosus
,,,Cypriniformes
,,,,Nemacheilidae
,,,,,Traccatichthys,pulcher
,,,,,Physoschistura,pseudobrunneana
,,,,Catostomidae
,,,,,Minytrema,melanops
,,,,,Moxostoma,poecilurum
,,,,,Carpiodes,carpio,cyprinus
,,,,Cobitidae
,,,,,Sabanejewia,larvata
,,,,Psilorhynchidae
,,,,,Psilorhynchus,sucatio
,,,,Cyprinidae
,,,,,Meda,fulgida
,,,,,Cosmochilus,harmandi
,,,,,Barbus,aspilus,ditinensis,anema,dialonensis,bigornei,eburneensis,foutensis,callipterus,magdalenae,apleurogramma,aspius,camptacanthus,sp.,macrops,perince,sublineatus,tiekoroi,mawambiensis,fasciolatus,trispilos,bifrenatus,trimaculatus,multilineatus,kerstenii,holotaenia,neumayeri,poechii,martorelli,ablabes,neefi,atromaculatus,punctitaeniatus,lineomaculatus,brevidorsalis,guineensis,paludinosus,eutaenia,atkinsoni,radiatus,waageni,guildi,viviparus,vittatus,raimbaulti,oligolepis,niokoloensis,asper,trispilopleura,afrovernayi,trispilomimus,guirali,afer,barotseensis,macinensis,castrasibutum,chlorotaenia,jae,huguenyi,pobeguini,anoplus,unitaeniatus,arcislongae,spurrelli,inaequalis,nigeriensis,cf. macrops,callensis,bynni,afrohamiltoni,zanzibaricus,altus,barbus,concharius,miolepis,gurneyi,humilis,nigrofasciatus,werneri,titius,luteus,aeneus,burchelli,lujae,trevelyani,macrotaenia,stigmatopygus,everetti,spp.,meridionalis,kessleri,laticeps,sp. 1,innocens,cyclolepis,natalensis,oxyrhynchus,mattozi
,,,,,Labeo,longipinnis,lineatus,nasus,parvus,lukulae
,,,,,Dionda,diaboli,melanops,episcopa,serena,argentosa,nigrotaeniata
,,,,,Clypeobarbus,pleuropholis,hypsolepis,congicus
,,,,,Erimystax,harryi,insignis,dissimilis
,,,,,Campostoma,pullum,anomalum,oligolepis,spadiceum,ornatum,pauciradii
,,,,,Acrocheilus,alutaceus
,,,,,Couesius,plumbeus
,,,,,Mylocheilus,caurinus
,,,,,Macrhybopsis,storeriana,australis
,,,,,Gila,minacae,conspersa,atraria
,,,,,Chrosomus,erythrogaster,eos,oreas
,,,,,Richardsonius,egregius
,,,,,Mylopharodon,conocephalus
,,,,,Yuriria,alta
,,,,,Raiamas,senegalensis
,,,,,Pimephales,vigilax,notatus,tenellus,promelas
,,,,,Garra,fuliginosa
,,,,,Candidia,barbata
,,,,,Luxilus,chrysocephalus,coccogenis,cerasinus,cardinalis,zonatus,albeolus,cornutus,pilsbryi
,,,,,Phoxinus,semotilus
,,,,,Algansea,lacustris,tincella,rubescens,aphanea,monticola
,,,,,Lavinia,exilicauda
,,,,,Hybopsis,lineapunctata,winchelli
,,,,,Aztecula,sallaei
,,,,,Lythrurus,fasciolaris,ardens,bellus,fumeus,matutinus
,,,,,Codoma,ornata
,,,,,Puntius,terio
,,,,,Exoglossum,laurae,maxillingua
,,,,,Clinostomus,elongatus
,,,,,Labeobarbus,mawambiensis,habereri,wurtzi,petitjeani,sacratus,caudovittatus,batesii,polylepis,marequensis
,,,,,Osteochilus,melanopleurus
,,,,,Notropis,atherinoides,stramineus,shumardi,buccatus,potteri,photogenis,saladonis,atrocaudalis,boops,ammophilus,dorsalis,uranoscopus,petersoni,ariommus,leuciodus,greenei,jemezanus,sallaei,scabriceps,amabilis,heterodon,nazas,chrosomus,spectrunculus,xanthicara,anogenus,longirostris,oxyrhynchus,albizonatus,altipinnis,micropteryx,baileyi,rubellus,suttkusi,nubilus,bifrenatus,girardi,sabinae,heterolepis,ortenburgeri,cornutus,scepticus,hudsonius
,,,,,Hybognathus,hayi,placitus,hankinsoni,regius,argyritis
,,,,,Phenacobius,mirabilis,catostomus
,,,,,Eremichthys,acros
,,,,,Henicorhynchus,lobatus
,,,,,Platygobio,gracilis
,,,,Balitoridae
,,,,,Barbatula,barbatula
,,,,,Hemimyzon,formosanus
,,,,,Gastromyzon,borneensis
,,,,,Sewellia,elongata
,,,,,Formosania,lacustre
,,,Siluriformes
,,,,Auchenipteridae
,,,,,Trachycorystes,porosus
,,,,Ictaluridae
,,,,,Ameiurus,melas
,,,,,Trogloglanis,pattersoni
,,,,,Satan,eurystomus
,,,,,Pylodictis,olivaris
,,,,,Noturus,nocturnus,flavus,phaeus
,,,,,Ictalurus,punctatus
,,,,Trichomycteridae
,,,,,Trichomycterus,,areolatus,guianense
,,,,Bagridae
,,,,,Mystus,armatus
,,,,Callichthyidae
,,,,,Corydoras,sp.
,,,,Ariidae
,,,,,Bagre,marinus
,,,,Sisoridae
,,,,,Bagarius,bagarius
,,,,,Myersglanis,blythii
,,,,Aspredinidae
,,,,,Bunocephalus,coracoideus
,,,,Heptapteridae
,,,,,Rhamdia,quelen
,,,Osmeriformes
,,,,Osmeridae
,,,,,Hypomesus,pretiosus,nipponensis
,,,Stomiiformes
,,,,Sternoptychidae
,,,,,Sternoptyx,obscura,diaphana,pseudobscura
,,,,,Polyipnus,indicus
,,,,,Argyropelecus,lychnus,olfersii,sladeni,affinis
,,,,Stomiidae
,,,,,Stomias,atriventer
,,,,,Eustomias,bifilis
,,,Gasterosteiformes
,,,,Syngnathidae
,,,,,Hippocampus,bargibanti
,,,Polypteriformes
,,,,Polypteridae
,,,,,Polypterus,senegalus
,,,Cyprinodontiformes
,,,,Poeciliidae
,,,,,Poecilia,reticulata
,,,Mugiliformes
,,,,Mugilidae
,,,,,Mugil,cephalus
,,,Pleuronectiformes
,,,,Achiridae
,,,,,Trinectes,maculatus,fimbriatus,fonsecensis,fluviatilis
,,,,,Hypoclinemus,mentalis
,,,Lepisosteiformes
,,,,Lepisosteidae
,,,,,Lepisosteus,platyrhincus,oculatus
,,,Atheriniformes
,,,,Atherinopsidae
,,,,,Labidesthes,sicculus,vanhyningi
,,,,,Menidia,beryllina
,,,Polymixiiformes
,,,,Polymixiidae
,,,,,Polymixia,lowei
,,,Angulliformes
,,,,Nettastomatidae
,,,,,Saurenchelys,cognita
,,,,Ophichthidae
,,,,,Apterichtus,kendalli
,,,Tetraodontiformes
,,,,Balistidae
,,,,,Sufflamen,chrysopterum
,,,,,Canthidermis,macrolepis
,,,,,Balistapus,undulatus
,,,,,Balistes,Balistes,chrysopterus,polylepis
,,,,,Melichthys,niger
,,,,,Odonus,niger
,,,,,Rhinecanthus,aculeatus,verrucosus
,,,,Tetraodontidae
,,,,,Lagocephalus,laevigatus,lagocephalus,sceleratus,inermis,lunaris,guentheri
,,,,,Colomesus,psittacus
,,,,,Pelagocephalus,marki
,,,,,Tylerius,spinosissimus
,,,,,Tetraodon,fluviatilis,miurus,erythrotaenia,pustulatus,lineatus
,,,,,Arothron,manilensis,hispidus,nigropunctatus,meleagris,immaculatus,diadematus,mappa
,,,,,Auriglobus,silus,modestus
,,,,,Canthigaster,figueiredoi,rostrata,solandri,punctatissima,coronata,valentini,jactator,bennetti,amboinensis,smithae,compressa,papua
,,,,Diodontidae
,,,,,Diodon,hystrix
,,,,Monacanthidae
,,,,,Cantherhines,sandwichiensis,pardalis
,,,,,Acreichthys,tomentosus
,,,,,Stephanolepis,hispidus,tomentosus,diaspros
,,,,,Alutera,scripta
,,,,Ostraiontidae
,,,,,Acanthostracion,quadricornis
,,,Beryciformes
,,,,Anoplogastridae
,,,,,Anoplogaster,cornuta
,,,Ophidiiformes
,,,,Ophidiidae
,,,,,Porogadus,miles
,,,,,Bassozetus,zenkevitchi
,,,Beloniformes
,,,,Hemiramphidae
,,,,,Dermogenys,bruneiensis
,,,,Belonidae
,,,,,Petalichthys,capensis
,,,,,Belonion,apodion,dibranchodon
,,,,,Pseudotylosurus,angusticeps
,,,,,Strongylura,fluviatilis,krefftii
,,,Characiformes
,,,,Prochilodontidae
,,,,,Prochilodus,nigricans
,,,,Anostomidae
,,,,,Pseudanos,trimaculatus,gracilis,irinae
,,,,,Leporellus,vittatus
,,,,,Hypomasticus,megalepis
,,,,,Laemolyta,garmani
,,,,,Petulanos,spiloclistron
,,,,,Anostomus,anostomus,ternetzi
,,,,Serrasalmidae
,,,,,Pygopristis,denticulata
,,,,,Pygocentrus,nattereri,piraya,cariba
,,,,,Catoprion,mento
,,,,,Serrasalmus,manueli,medinai,eigenmanni,maculatus,spilopleura,irritans,brandtii,rhombeus,elongatus,marginatus
,,,,Gasteropelecidae
,,,,,Thoracocharax,stellatus
,,,,Characidae
,,,,,Rhaphiodon,vulpinus
,,,,,Pristobrycon,calmoni,striolatus
,,,,,Astyanax,mexicanus
,,,,,Mylossoma,duriventre
,,,,,Exodon,paradoxus
,,,,,Metynnis,hypsauchen,luna,altidorsalis
,,,,,Roeboides,dayi,occidentalis,bouchellei,guatemalensis,myersii,affinis
,,,,,Agoniates,,sp.
,,Osteichthyes
,,,Amiiformes
,,,,Amiidae
,,,,,Amia,calva
,,,Tetraodontiformes
,,,,Balistidae
,,,,,Oxymonacanthus,longirostris
,,,Crossopterygii
,,,,Panderichthyidae?
,,,,,Tiktaalik,roseae
,,Chondrichthyes
,,,Torpediniformes
,,,,Narcinidae
,,,,,Diplobatis,pictus
,,,,,Narke,dipterygia
,,,Lamniformes
,,,,Lamnidae
,,,,,Carcharocles,auriculatus,megalodon
,,,Squaliformes
,,,,Etmopteridae
,,,,,Etmopterus,virens
,,,Myliobatiformes
,,,,Dasyatidae
,,,,,Taeniura,lymma
,,Elasmobranchii
,,,Myliobatiformes
,,,,Urolophidae
,,,,,Urotrygon,nana,rogersi,chilensis,simulatrix,venezuelae,aspidura
,,,,,Urobatis,tumbesensis,halleri
,,,,,Urolophus,cruciatus
,,,,Dasyatidae
,,,,,Himantura,imbricata,walga
,,,,,Neotrygon,kuhlii
,,,Rajiformes
,,,,Potamotrygonidae
,,,,,Potamotrygon
,,,Pristiformes
,,,,Pristidae
,,,,,Pristis,pectinata
,,,Ctenacanthiformes
,,,,Ctenacanthidae
,,,,,Carcharopsis,wortheni
,,Therapsida
,,,Cynodontia
,,,,Thrinaxodontidae
,,,,,Thrinaxodon,sp.
,,Osteichthys
,,,Scorpaeniformes
,,,,Cottidae
,,,,,Microcottus,sellaris
,,,,,Artedius,fenestralis,harringtoni,lateralis,notospilotus
,,,Gadiformes
,,,,Melanonidae
,,,,,Melanonus,zugmayeri
,,,Cypriniformes
,,,,Cyprinidae
,,,,,Semotilus,atromaculatus,corporalis,thoreauianus
,,,,,Nocomis,asper,raneyi,biguttatus,leptocephalus,micropogon,effusus
,,,,,Rhinichthys,cataractae,evermanni
,,,Perciformes
,,,,Embiotocidae
,,,,,Zalembius,rosaceus
,,,,Chaenopsidae
,,,,,Ekemblemaria,nigra
,,,,Cichlidae
,,,,,Lamprologus,tigripictilis
,,,Tetraodontiformes
,,,,Tetraodontidae
,,,,,Sphoeroides,lobatus,testudineus,maculatus,pachygaster,parvus,nephelus,spengleri,dorsalis,lispus
,,,,Molidae
,,,,,Ranzania,laevis
,,,,Monacanthidae
,,,,,Monacanthus,ciliatus
,,,Siluriformes
,,,,Heteropneustidae
,,,,,Heteropneustes,fossilis
,,,Stomiiformes
,,,,Gonostomatidae
,,,,,Gonostoma,elongatum
,,,Synbranchiformes
,,,,Mastacembelidae
,,,,,Mastacembelus,simbi,crassus,aviceps
,,,Osteoglossiformes
,,,,Osteoglossidae
,,,,,Osteoglossum,bicirrhosum
,,,Characiformes
,,,,Anostomidae
,,,,,Rhytiodus,lauzannei
,,,,Characidae
,,,,,Colossoma,macropomum
,,,,,Piaractus,brachypomus
,,Reptilia
,,,
,,,,Ankylosauridae
,,,,,Ankylosaurus,magniventris
,,,,Megalosauridae
,,,,,Eustreptospondylus,oxoniensis
,,,Testudinata
,,,,Pelomedusidae
,,,,,Pelomedusa,subrufa
,,,Ornithischia
,,,,Pachycephalosauridae
,,,,,Stegoceras,validum
,,,,Hadrosauridae
,,,,,Edmontosaurus,annectens
,,,,,Telmatosaurus,transsylvanicus
,,,Serpentes
,,,,Uropeltidae
,,,,,Uropeltis,melanogaster
,,,,,Plectrurus,perroteti
,,,,Viperidae
,,,,,Gloydius,ussuriensis
,,,,Atractaspidae
,,,,,Atractaspis,bibroni,aterrima,bibronii
,,,,Acrochordidae
,,,,,Acrochordus,granulatus
,,,,Colubridae
,,,,,Psammodynastes,pulverulentus
,,,,,Orthriophis,taeniurus
,,,,Atractaspididae
,,,,,Homoroselaps,lacteus
,,,,,Xenocalamus,bicolor
,,,Squamata
,,,,Elapidae
,,,,,Dendroaspis,jamesoni,angusticeps
,,,,,Naja,mossambica,nigricollis
,,,,Eublepharidae
,,,,,Goniurosaurus,lichtenfelderi
,,,,,Hemitheconyx,caudicinctus
,,,,Agamidae
,,,,,Diporiphora,winneckei
,,,,,Uromastyx,sp.
,,,,,Japalura,polygonata
,,,,,Ceratophora,stoddartii
,,,,,Intellagama,lesueurii
,,,,,Agama,planiceps
,,,,Corytophanidae
,,,,,Laemanctus,longipes
,,,,,Corytophanes,percarinatus
,,,,Typhlopidae
,,,,,Anilios,grypus,leptosoma,australis,sp.
,,,,Phrynosomatidae
,,,,,Sceloporus,magister
,,,,,Uma
,,,,Xenodontinae
,,,,,Sibon,dimidiatus
,,,,,Psomophis,genimaculatus
,,,,Dibamidae
,,,,,Dibamus,bogadeki
,,,,Lacertidae
,,,,,Takydromus,sexlineatus
,,,,Diplodactylidae
,,,,,Bavayia,robusta
,,,,,Oedodera,marmorata
,,,,,Crenadactylus,ocellatus
,,,,,Correlophus,ciliatus
,,,,Iguanidae
,,,,,Gambelia,sila
,,,,,Brachylophus,vitiensis
,,,,,Ctenosaura,hemilopha
,,,,,Anolis,cristitellus,carolinensis,porcatus
,,,,,Crotaphytus,bicinctores,collaris
,,,,,Basiliscus,basiliscus,vittatus,plumifrons
,,,,,Sauromalus,ater,obesus
,,,,,Phymaturus,palluma
,,,,,Iguana,iguana
,,,,Xenosauridae
,,,,,Xenosaurus,rectocollaris
,,,,,Shinisaurus,crocodilurus
,,,,Dipsadidae
,,,,,Cubophis,cantherigerus,vudii
,,,,,Oxyrhopus,guibei
,,,,,Omoadiphas,aurula
,,,,Helodermatidae
,,,,,Heloderma,suspectum,horridum
,,,,Colubrinae
,,,,,Oxybelis,aeneus,argenteus
,,,,,Mastigodryas,melanolomus
,,,,,Thelotornis,kirtlandii
,,,,,Elaphe,vulpina,obsoleta,triaspis,radiata
,,,,,Spilotes,pullatus
,,,,Tropidurinae
,,,,,Plica,umbra
,,,,Tropiduridae
,,,,,Microlophus,peruvianus
,,,,,Leiocephalus,inaguae
,,,,Mosasauridae
,,,,,Platecarpus
,,,,Lanthanotidae
,,,,,Lanthanotus,borneensis
,,,,Carphodactylidae
,,,,,Nephrurus,asper
,,,,,Phyllurus,platurus
,,,,Teiidae
,,,,,Tupinambis,rufescens
,,,,,Dracaena,guianensis
,,,,,Dicrodon,guttulatum
,,,,,Kentropyx,pelviceps
,,,,Gekkonidae
,,,,,Geckolepis,humbloti,maculata,megalepis
,,,,,Chondrodactylus,angulifer
,,,,,Tropiocolotes,tripolitanus
,,,,,Cyrtodactylus,fraenatus
,,,,,Uroplatus,ebenaui,phantasticus,fimbriatus
,,,,,Pachydactylus,,scutatus
,,,,,Pristurus,crucifer
,,,,,Hemidactylus,turcicus,lavadeserticus
,,,,,Rhoptropus,,barnardi,boltoni
,,,,Varanidae
,,,,,Varanus,olivaceus,niloticus,rudicollis,varius,prasinus
,,,,Scincidae
,,,,,Egernia,stokesii,striolata,whitii,cunninghami
,,,,,Corucia,zebrata
,,,,,Lerista,bipes
,,,,,Tiliqua,rugosa
,,,,,Trachylepis,laevis,sulcata,gonwouoi,acutilabrus
,,,,Colubridae
,,,,,Gyalopion,canum
,,,,,Trimorphodon,vilkinsonii
,,,,,Conopsis,biserialis
,,,,,Leptophis,depressirostris,ahaetulla,diplotropis,mexicanus
,,,,,Xenopholis,scalaris
,,,,,Heterodon,platirhinos
,,,,,Hypsiglena,affinis
,,,,,Clelia,clelia
,,,,,Erpeton,tentaculatum
,,,,,Drymobius,chloroticus
,,,,,Prosymna,ambigua,stuhlmanni ,bivitata,ruspoli,sundevalli,visseri,lineata
,,,,,Liophidium,apperti,rhodogaster,torquatum
,,,,,Tantilla,vermiformis,schistosa,cucullata,relicta,moesta,hobartsmithi,gracilis,coronata,bocourti,atriceps,calamarina,nigriceps,wilcoxi
,,,,,Imantodes,cenchoa
,,,,,Taeniophallus,occipitalis
,,,,,Dasypeltis,scabra
,,,,,Lamprophis,fuliginosus
,,,,,Dromicodryas,quadrilineatus
,,,,,Ficimia,publia
,,,,,Lampropeltis,pyromelana
,,,,,Dispholidus,typus
,,,,,Masticophis,flagellum,lateralis,bilineatus
,,,,,Leioheterodon,geayi,modestus
,,,,,Ithycyphus,oursi
,,,,,Dipsas,catesbyi
,,,,,Drymarchon,melanurus,corais
,,,,,Aparallactus,niger,modestus
,,,,,Amblyodipsas,polylepis
,,,,Lamprophiinae
,,,,,Sibynophis,collaris
,,,,,Aparallactus,niger,modestus
,,,,Sphaerodactylidae
,,,,,Pseudogonatodes,barbouri
,,,,,Saurodactylus,mauritanicus
,,,,Chamaeleonidae
,,,,,Chamaeleo,zeylanicus,africanus,calcaricarens,namaquensis
,,,,,Furcifer,oustaleti,bifidus,balteatus,rhinoceratus
,,,,,Calumma,parsonii,tigris
,,,,,Brookesia,superciliaris,perarmata
,,,,,Rhampholeon,brevicaudatus
,,,,,Bradypodion,pumilum,dracomontanum,setaroi,occidentale,gutturale,ventrale
,,,,Phyllodactylidae
,,,,,Tarentola
,,,,,Thecadactylus,rapicauda
,,,,Boidae
,,,,,Titanoboa,cerrejonensis
,,,,,Boa,constrictor
,,,,,Eunectes,murinus
,,,,Viperidae
,,,,,Atheris,ceratophora
,,,,,Crotalus,durissus,viridis
,,,,,Lachesis,stenophrys
,,,,,Azemiops,feae
,,,,,Bothrops,sp,atrox,moojeni,asper
,,,,,Agkistrodon,caliginosus
,,,,,Cerastes,cerastes
,,,,Gerrhosauridae
,,,,,Gerrhosaurus,major,validus
,,,,Iguaninae
,,,,,Cyclura,cornuta,pinguis
,,,,Rhineuridae
,,,,,Rhineura,floridana
,,,,Gekkoninae
,,,,,Gekko,gecko,smithii
,,,,Cordylidae
,,,,,Smaug,giganteus,warreni,depressus,barbertonensis
,,,,,Cordylus,marunguensis,angolensis,namakuiyus,cordylus
,,,,Anguidae
,,,,,Elgaria,coerulea,panamintina,multicarinata
,,,,Atractaspididae
,,,,,Macrelaps
,,,,,Polemon,christyi
,,,Crocodylia
,,,,Crocodylidae
,,,,,Crocodylus,johnsoni,siamensis,mindorensis
,,,,Gavialidae
,,,,,Tomistoma,schlegelii
,,,,,Gavialis,gangeticus
,,,,Alligatoridae
,,,,,Alligator
,,,,,Paleosuchus,trigonatus
,,,Saurischia
,,,,Grallatoridae
,,,,,Grallator,sp.
,,,,Megalosauridae
,,,,,Megalosaurus,bucklandii
,,,Eosuchia
,,,,Goniopholididae
,,,,,Dakotasuchus,kingi
,,,,
,,,,,Orovenator,mayorum
,,,,,Triopticus,primus
,,,,Parasuchidae
,,,,,Wannia,scurriensis
,,,Sauria
,,,,Iguanidae
,,,,,Conolophus,subcristatus
,,,,,Amblyrhynchus,cristatus
,,,,Chamaeleonidae
,,,,,Kinyongia,tavetana,tenue,tenuis,matschiei
,,,,,Trioceros,feae,rudis,sternfeldi,serratus
,,,,Agamidae
,,,,,Draco,blanfordii,dussumieri,maculatus,melanopogon,spilopterus
,,,,,Calotes,mystaceus
,,,,,Bronchocela,cristatella
,,,,,Sitana,ponticeriana
,,,,Teiidae
,,,,,Teius,teyou
,,,,,Cnemidophorus,murinus
,,,,Gekkonidae
,,,,,Dixonius,siamensis
,,,,,Teratoscincus
,,,,,Stenodactylus,arabicus
,,,,,Cyrtopodion,heterocercus
,,,,Scincidae
,,,,,Acontias,meleagris
,,,,Cordylidae
,,,,,Platysaurus,guttatus
,,,,Lacertidae
,,,,,Acanthodactylus,erythrurus
,,,,Sphaerodactylidae
,,,,,Lepidoblepharis,sanctaemartae
,,,Testudines
,,,,Emydidae
,,,,,Trachemys,inflata
,,,,Chelidae
,,,,,Phrynops,hilarii
,,,,Geoemydidae
,,,,,Melanochelys,trijuga
,,,,,Cuora,flavomarginata,amboinensis
,,,,Kinosternidae
,,,,,Kinosternon,hirtipes,integrum
,,,,Chelydridae
,,,,,Macrochelys,temminckii
,,,,,Chelydra,serpentina
,,,Rhynchocephalia
,,,,Sphenodontidae
,,,,,Sphenodon,punctatus
,,Mammalia
,,,
,,,,
,,,,,Widanelfarasia,bowni
,,,,Adapisoriculidae
,,,,,Afrodon,gheerbranti
,,,,,Bustylus,marandati
,,,,Sudamericidae
,,,,,Vintana,sertichi
,,,,Ptolemaiidae
,,,,,Ptolemaia,grangeri
,,,Insectivora
,,,,Apatemyidae
,,,,,Labidolemur,kayi
,,,Docodonta
,,,,Docodontidae
,,,,,Krusatodon,kirtlingtonensis
,,,Pholidota
,,,,Manidae
,,,,,Manis,sp.
,,,Rodentia
,,,,
,,,,,Texomys,stewarti,sp. 
,,,,,Mubhammys,vadumensis
,,,,,Birkamys,korai
,,,,Muridae
,,,,,Nesokia,indica
,,,,,Micromys,minutus
,,,,,Mus,musculus
,,,,,Apomys,microdon
,,,,,Meriones,hurrianae
,,,,,Akodon,affinis
,,,,,Phloeomys,cumingi
,,,,,Gerbillus,cheesmani,nanus
,,,,,Rattus,turkestanicus,pyctoris
,,,,,Rhizomys,sumatrensis
,,,,,Prionomys,batesi
,,,,,Psammomys,obesus
,,,,,Acomys,cahirinus
,,,,,Tatera,indica
,,,,Nesomyidae
,,,,,Cricetomys,gambianus
,,,,Caviidae
,,,,,Prodolichotis
,,,,,Phugatherium,dichroplax
,,,,Cuniculidae
,,,,,Cuniculus,paca
,,,,Dipodidae
,,,,,Zapus,hudsonius
,,,,,Napaeozapus,insignis
,,,,,Allactaga,major
,,,,Alagomyidae
,,,,,Alagomys,russelli,dashzevegi,sp.
,,,,Reithroparamyidae
,,,,,Reithroparamys,sp.
,,,,Ischyromyidae
,,,,,Acritoparamys,atavus,atwateri
,,,,,Microparamys,cheradius
,,,,,Paramys,taurus,copei
,,,,,Ischyromys,typus
,,,,Sciuridae
,,,,,Dremomys
,,,,,Heliosciurus
,,,,,Spermophilus,sp.
,,,,,Hylopetes,spadiceus
,,,,,Tamiasciurus,douglasii
,,,,,Glaucomys,volans
,,,,,Lariscus
,,,,,Petinomys
,,,,,Protoxerus,stangeri
,,,,,Paraxerus,cepapi
,,,,,Callosciurus,sp
,,,,,Eutamias,minimus
,,,,,Petaurista
,,,,,Funisciurus,pyrropus
,,,,,Ratufa,affinis
,,,,,Rhinosciurus
,,,,,Sciurus,carolinensis,granatensis,sp.
,,,,,Aeromys,tephromelas
,,,,Cricetidae
,,,,,Ototylomys,phyllotis
,,,,,Nyctomys,sumichrasti
,,,,,Copemys,lindsayi
,,,,,Peromyscus,gossypinus,pulverulenus,leucopus
,,,,,Myodes,gapperi
,,,,,Ochrotomys,nuttalli
,,,,,Onychomys,torridus
,,,,,Alticola,argentatus
,,,,,Neofiber,alleni
,,,,,Baiomys,taylori
,,,,,Neotoma,albigula,cinerea,floridana
,,,,,Lemmus,trimucronatus
,,,,,Nectomys,squamipes
,,,,,Synaptomys,cooperi
,,,,,Mesocricetus,auratus
,,,,,Podomys,floridanus
,,,,,Microtus,ochrogaster,montanus,pinetorum
,,,,,Hyperacrius,fertilis
,,,,,Reithrodontomys,humulis,megalotis
,,,,Aplodontidae
,,,,,Aplodontia,rufa
,,,,,Cedromus,wilsoni
,,,,Unidentified
,,,,,Rodent,sp.
,,,,Heteromyidae
,,,,,Chaetodipus,intermedius
,,,,,Dipodomys,ordii,spectabilis,merriami
,,,,,Heteromys,desmarestianus
,,,,Erethizontidae
,,,,,Coendou,prehensilis
,,,,,Erethizon,dorsatum
,,,,Nementchamyidae
,,,,,Kabirmys,qarunensis
,,,Notoungulata
,,,,Interatheriidae
,,,,,Miocochilius,anomopodus
,,,Scandentia
,,,,Tupaiidae
,,,,,Urogale,everetti
,,,,,Tupaia,glis,minor,montana,sp. (cf. glis),belangeri,sp.,tana,palawanensis
,,,,,Dendrogale,minor,melanura,murina
,,,,Ptilocercidae
,,,,,Ptilocercus,lowii
,,,Pilosa
,,,,Megatheriidae
,,,,,Eremotherium,eomigrans
,,,,Bradypodidae
,,,,,Bradypus,variegatus,tridactylus 
,,,,Megalonychidae
,,,,,Acratocnus,ye
,,,,,Megalonyx,jeffersoni,leptostomus
,,,,,Choloepus,sp.,didactylus ,hoffmanni
,,,,,Neocnus,comes,dousman
,,,,,Parocnus,serus
,,,Hyracoidea
,,,,Pliohyracidae
,,,,,Thyrohyrax,meyeri,domorictus,litholagus
,,,,,Saghatherium,bowni,antiquum
,,,,Procaviidae
,,,,,Procavia,transvaalensis,antiqua,sp.,capensis
,,,Unplaced
,,,,Peradectidae
,,,,,Mimoperadectes
,,,,,Peradectes,protinnominatus
,,,Microbiotheria
,,,,Microbiotheriidae
,,,,,Dromiciops,gliroides
,,,Cimolesta
,,,,Palaeoryctidae
,,,,,Didelphodus,absarokae,sp.
,,,,,Eoryctes,melanus
,,,Paucituberculata
,,,,Caenolestidae
,,,,,Rhyncholestes,raphanurus
,,,,,Lestoros,inca
,,,,,Palaeothentes,minutus
,,,Perissodactyla
,,,,Hyrachyidae
,,,,,Hyrachyus,modestus
,,,,Equidae
,,,,,Anchitherium,clarencei
,,,,,Neohipparion,eurystyle,trampasense
,,,,,Nannippus,peninsulatus,aztecus
,,,,,Dinohippus,mexicanus
,,,,,Archaeohippus,blackbergi
,,,,,Mesohippus,bairdi,sp.
,,,,,Propalaeotherium,isselanum
,,,,,Parahippus,leonensis,barbouri
,,,,,Eurygnathohippus,cornelianus
,,,,,Sifrhippus,sandrae
,,,,,Calippus,cerasinus,elachistus
,,,,,Equus,ferus,capensis,quagga,sp.,africanus
,,,,Palaeotheriidae
,,,,,Metanchilophus,castrensis
,,,,,Palaeotherium,lautricense,curtum,magnum,sp.
,,,,,Plagiolophus,annectens,minor
,,,,Tapiridae
,,,,,Tapirus,terrestris,pinchaque,bairdii,webbi,polkensis,arvernensis,priscus,indicus
,,,,Rhinocerotidae
,,,,,Diceros,bicornis
,,,,,Ceratotherium,simum
,,,,,Diaceratherium,lamilloquense
,,,,,Stephanorhinus,etruscus
,,,,,Rhinoceros,unicornis
,,,,,Prosantorhinus,douvillei
,,,,,Brachypotherium,brachypus
,,,,,Dicerorhinus,sumatrensis
,,,,,Molassitherium,albigense
,,,,Lophiodontidae
,,,,,Lophiodon,isselense,lautricense
,,,Diprotodontia
,,,,Phascolarctidae
,,,,,Phascolarctos,cinereus
,,,,Potoroidae
,,,,,Bettongia,tropica
,,,,,Aepyprymnus,rufescens
,,,,,Potorous,tridactylus
,,,,Petauridae
,,,,,Dactylopsila,trivirgata
,,,,Vombatidae
,,,,,Lasiorhinus,latifrons,krefftii
,,,,,Vombatus,ursinus
,,,,Macropodidae
,,,,,Macropus,eugenii,rufus
,,,,,Dendrolagus,inustus
,,,,Phalangeridae
,,,,,Trichosurus,vulpecula
,,,Artiodactyla
,,,,Giraffidae
,,,,,Giraffa
,,,,Bovidae
,,,,,Antidorcas,recki
,,,,,Redunca,sp.
,,,,Merycoidodontidae
,,,,,Miniochoerus,gracilis
,,,,Anthracotheriidae
,,,,,Bothriogenys,fraasi,rugulosus
,,,,Suidae
,,,,,Phacochoerus,antiquus
,,,,,Conohyus,sp.
,,,,,Metridiochoerus,andrewsi,sp.
,,,,,Listriodon,sp.
,,,,Cervidae
,,,,,Cervalces,scotti
,,,,Oreodontidae
,,,,,Merycoidodon,culbertsoni
,,,Afrosoricida
,,,,Tenrecidae
,,,,,Tenrec,ecaudatus
,,,,,Setifer,setosus
,,,,,Potamogale,velox
,,,,,Hemicentetes,semispinosus
,,,,,Echinops,telfairi
,,,Dasyuromorphia
,,,,Dasyuridae
,,,,,Dasyurus,viverrinus
,,,,,Planigale,ingrami
,,,,,Antechinus,flavipes
,,,Cetacea
,,,,Delphinidae
,,,,,Globicephala
,,,,,Steno,bredanensis
,,,,,Orcinus,orca
,,,,,Stenella,attenuata
,,,,Balaenopteridae
,,,,,Balaenoptera,bonaerensis,physalus
,,,,,Megaptera,novaeangliae
,,,,Physeteridae
,,,,,Kogia,breviceps
,,,,Iniidae
,,,,,Pontoporia,blainvillei
,,,Primates
,,,,
,,,,,Carlocebus,carmenensis
,,,,,Afradapis,longicristatus,Species-new
,,,,,Karanisia,clarki,arenula
,,,,,Equatorius,africanus
,,,,,Arsinoea,kallimos
,,,,,Masradapis,tahai
,,,,,Plesiopithecus,teras
,,,,Aotidae
,,,,,Aotus,azarae,nigriceps,infulatus,trivirgatus,lemurinus,sp.
,,,,Plesiadapidae
,,,,,Pronothodectes,matthewi,jepi,gaoi
,,,,,Platychoerops,daubrei,antiquus,sp.
,,,,,Chiromyoides,sp.,campanicus
,,,,,Plesiadapis,cookei,rex,tricuspidens,fodinatus,churchilli,praecursor,anceps,dubius,sp.
,,,,,Nannodectes,gazini,intermedius,simpsoni,gidleyi
,,,,Oligopithecidae
,,,,,Catopithecus,browni
,,,,Eosimiidae
,,,,,Eosimias,sp.
,,,,Paromomyidae
,,,,,Elwynella,oreas
,,,,,Paromomys,depressidens,maturus,farrandi
,,,,,Phenacolemur,archus,citatus,fortior,praecox,simonsi,willwoodensis,praecox-fortior,jepseni,pagei
,,,,,Acidomomys,hebeticus
,,,,,Arcius,rougeri,lapparenti,fuscus
,,,,,Palaechthon,problematicus
,,,,,Ignacius,graybullianus,frugivorus,clarkforkensis,fremontensis
,,,,,Edworthia,lerbekmoi
,,,,Cebidae
,,,,,Cebupithecia,sarmientoi
,,,,,Cebus,apella,capucinus,Sp.,olivaceus,albifrons
,,,,,Panamacebus,transitus
,,,,,Tremacebus,harringtoni
,,,,,Callimico,goeldii
,,,,,Dolichocebus,gaimanensis
,,,,,Branisella,boliviana
,,,,,Callithrix,jacchus,pygmaea,sp.,argentata,humeralifera,argentina,geoffroyi
,,,,,Leontopithecus,rosalia
,,,,,Saimiri,boliviensis,sciureus,oerstedii,sanguinus,saguinus
,,,,Adapidae
,,,,,Mahgarita,stevensi
,,,,,Donrussellia,provincialis
,,,,,Anchomomys,frontanyensis
,,,,,Adapoides,troglodytes
,,,,,Caenopithecus,lemuroides
,,,,,Adapis,parisiensis,sp.,schlosseri
,,,,,Microchoerus
,,,,,Notharctus,sp.,tenebrosus,pugnax,robustior
,,,,,Leptadapis,magnus,leenhardti
,,,,Archaeolemuridae
,,,,,Hadropithecus,spp.,stenognathus
,,,,,Archaeolemur,cf. edwardsi,sp.,majori
,,,,Cheirogaleidae
,,,,,Microcebus,murinus,coquereli,griseorufus,rufus,sp.
,,,,,Phaner,furcifer
,,,,,Mirza,coquereli,zaza
,,,,,Cheirogaleus,major,medius,sp.
,,,,Callitrichidae
,,,,,Cebuella,pygmaea
,,,,,Saguinus,midas,mystax,oedipus,sp.,fuscicollis
,,,,Palaechthonidae
,,,,,Premnoides,douglassi
,,,,Saxonellidae
,,,,,Saxonella,naylori,crepaturae
,,,,Indridae
,,,,,Avahi,laniger
,,,,,Indri,indri
,,,,,Propithecus,diadema,verreauxi,coquereli,sp.
,,,,Proteopithecidae
,,,,,Serapia,eocaena
,,,,,Proteopithecus,sylviae
,,,,Pitheciinae
,,,,,Pithecia,monachus,pithecia,hirsuta
,,,,Carpolestidae
,,,,,Carpolestes,simpsoni,nigridens,dubius,hazelae
,,,,Purgatoriidae
,,,,,Purgatorius,sp.,coracis,janisae
,,,,Pitheciidae
,,,,,Cacajao,calvus,melanocephalus,sp.
,,,,,Chiropotes,albinasus,satanas,sp.,chiropotes
,,,,,Callicebus,donacophilus,moloch,torquatus,cupreus,Unknown ,ornatus,personatus,pallescens
,,,,Tarsiidae
,,,,,Tarsius,bancanus,borneanus,spectrum,syricta,tarsier,syrichta,sp.
,,,,,Carlito,syrichta
,,,,,Cephalopachus,bancanus
,,,,Atelidae
,,,,,Alouatta,palliata,seniculus,caraya,sp.,paliatta
,,,,,Brachyteles,arachnoides
,,,,,Stirtonia,tatacoensis,victoriae
,,,,,Ateles,belzebuth,geoffroyi,paniscus,sp.,fusciceps,marginatus
,,,,,Lagothrix,sp,lagotricha,lugens,lagothricha
,,,,Notharctidae
,,,,,Asiadapis,cambayensis,tapiensis
,,,,,Cantius,ralstoni,trigonodus,mckennai,frugivorus,abditus,torresi,nuniensis,frugivorous,sp.
,,,,,Marcgodinotius,indicus
,,,,,Notharctus,sp.,tenebrosus,pugnax,robustior
,,,,,Smilodectes,sp.,gracilis,mcgrewi
,,,,Azibiidae
,,,,,Azibius,trerki,sp
,,,,Dendropithecidae
,,,,,Micropithecus,leakeyorum
,,,,Parapithecidae
,,,,,Parapithecus,grangeri,fraasi
,,,,,Apidium,phiomense,sp.,bowni,moustafi,moustafai
,,,,,Qatrania,sp.,wingi,fleaglei
,,,,Microsyopidae
,,,,,Microsyops,scottianus
,,,,,Niptomomys,doreenae
,,,,Omomyidae
,,,,,Rooneyia,viejaensis
,,,,,Washakius,insignis,izetti
,,,,,Teilhardina,americana,belgica,brandti,sp.
,,,,,Hemiacodon,gracilis
,,,,,Arapahovius,gazini
,,,,,Absarokius,sp.,abbotti
,,,,,Shoshonius,cooperi
,,,,,Ourayia,uintensis
,,,,,Necrolemur,antiquus,zitteli,sp.
,,,,,Tetonius,homunculus,matthewi
,,,,,Anemorhysis,pearcei
,,,,,Vastanomys,gracilis,major,sp.
,,,,Galagidae
,,,,,Wadilemur,elegans
,,,,,Otolemur,crassicaudatus,garnetti,garnettii
,,,,,Galago,senegalensis,alleni,demidovii,moholi,zanzibaricus,demidoff
,,,,,Euoticus,elegantulus
,,,,,Saharagalago,misrensis
,,,,Pliopithecidae
,,,,,Aegyptopithecus,zeuxis
,,,,,Oligopithecus,savagei
,,,,,Propliopithecus,chirobates,(?),(sp?),cheirorates,sp.,ankeli
,,,,Homunculidae
,,,,,Mazzonicebus, almendrae
,,,,,Soriacebus,ameghinorum
,,,,Lemuridae
,,,,,Pachylemur,insignis
,,,,,Lemur,catta,sp.
,,,,,Prolemur,simus
,,,,,Hapalemur,giseus,griseus,simus
,,,,,Varecia,variegata
,,,,,Eulemur,fulvus,sp.,coronatus,macaco,sanfordi,rubriventer
,,,,Djebelemuridae
,,,,,Djebelemur,martinezi
,,,,Afrotarsiidae
,,,,,Afrotarsius,chatrathi
,,,,Daubentoniidae
,,,,,Daubentonia,madagascariensis,robusta
,,,,Proconsulidae
,,,,,Afropithecus,incertae sedis,turkanensis
,,,,,Nyanzapithecus,incertae sedis,pickfordi,vancouveringorum
,,,,Loridae
,,,,,Perodicticus,potto
,,,,,Nycticebus,coucang,pygmaeus
,,,,,Galagoides,demidovii
,,,,,Arctocebus,calabarensis
,,,,,Loris,tardigradus,lydekkerianus
,,,,Micromomyidae
,,,,,Dryomomys,szalayi
,,,,Hylobatidae
,,,,,Bunopithecus,hoolock
,,,,,Hoolock,hoolock
,,,,,Hylobates,lar,sp.,agilis,leucogenys,syndactylus
,,,,,Symphalangus,syndactylus
,,,,Megaladapidae
,,,,,Megaladapis,madagascariensis,cf. madagascariensis
,,,,,Lepilemur,mustelinus,sp.
,,,,Hominidae
,,,,,Sivapithecus,indicus,sp.
,,,,,Limnopithecus,Legetet,evansi
,,,,,Pongo,pygmaeus
,,,,,Gorilla,gorilla
,,,,,Australopithecus,afarensis,boisei,africanus,sediba
,,,,,Homo,sapiens,habilis,neanderthalensis,heidelbergensis,erectus,naledi
,,,,,Proconsul,africanus,major,nyanzae,heseloni,incertae sedis
,,,,,Pan,troglodytes,paniscus
,,,,Cercopithecidae
,,,,,Parapapio,jonesi,broomi
,,,,,Trachypithecus,cristata,obscura,sp.,obscurus
,,,,,Nasalis,larvatus,concolor
,,,,,Papio,ursinus,sp.,doguera,anubis,angusticeps,hamadryas,izodi,ingens,cynocephalus
,,,,,Chlorocebus,aethiops,cynosuros,pygerythrus,tantalus
,,,,,Allenopithecus,nigroviridis
,,,,,Lophocebus,albigena,galeritus,aterrimus
,,,,,Cercopithecus,mitis,mona,neglectus,nictitans,albogularis,diana,sp.,denti,cephus,pogonias,ascanius,lowei
,,,,,Dinopithecus,ingens
,,,,,Semnopithecus,entellus
,,,,,Mandrillus,leucophaeus,sphinx
,,,,,Colobus,guereza,badius,polykomos,angolensis
,,,,,Miopithecus,talapoin,ogouensis
,,,,,Pygathrix,nemaeus,neameus,roxellana
,,,,,Gorgopithecus,major
,,,,,Procolobus,badius,verus
,,,,,Presbytis,melalophos,obscurus,rubicunda,hosei,frontata,phayrei,cristata,potenziani,femoralis
,,,,,Rhinopithecus,roxellana
,,,,,Theropithecus,gelada,oswaldi
,,,,,Cercopithecoides,williamsi,coronatus
,,,,,Cercocebus,atys,torquatus,sp.,albigena,galeritus
,,,,,Macaca,nigra,fascicularis,fuscata,mulatta,sylvanus,nemestrina,sp.,arctoides,thibetana,brunnescens,assamensis,maura,sinica,tonkeana,radiata,cyclopis
,,,,,Erythrocebus,patas
,,,Cingulata
,,,,Dasypodidae
,,,,,Chaetophractus,villosus,nationi,vellerosus
,,,,,Cabassous,centralis,unicinctus
,,,,,Zaedyus,pichiy
,,,,,Tolypeutes,matacus
,,,,,Euphractus,sexcinctus
,,,,Pampatheriidae
,,,,,Holmesina,septentrionalis,floridanus
,,,Soricomorpha
,,,,Solenodontidae
,,,,,Solenodon,paradoxus
,,,,Soricidae
,,,,,Crocidura,olivieri
,,,,,Suncus,murinus
,,,,Talpidae
,,,,,Desmana,moschata
,,,,Geolabididae
,,,,,Centetodon,neashami
,,,Ferae
,,,,Canidae
,,,,,Metatomarctus,canavus
,,,,,Canis,brevirostris,mesomelas,sp.,lupus,latrans,dirus
,,,,Felidae
,,,,,Smilodon,fatalis
,,,Pantolesta
,,,,Pantolestidae
,,,,,Palaeosinopa,incerta,veterrima
,,,Sirenia
,,,,Protosirenidae
,,,,,Protosiren,(sp?)
,,,Macroscelidea
,,,,Amphilemuridae
,,,,,Macrocranion,junnei,nitens
,,,,Macroscelididae
,,,,,Macroscelides,proboscideus
,,,,,Petrodromus,tetradactylus
,,,,Dormaaliidae
,,,,,Talpavoides,dartoni
,,,Multituberculata
,,,,Neoplagiaulacidae
,,,,,Ectypodus,tardus
,,,,Ptilodontidae
,,,,,Ptilodus,kummae
,,,Creodonta
,,,,Hyaenodontidae
,,,,,Masrasector,nananubis
,,,Dermoptera
,,,,Cynocephalidae
,,,,,Galeopterus,variegatus
,,,,,Cynocephalus,variegatus,volans
,,,Hyaenodonta
,,,,
,,,,,Brychotherium,ephalmos
,,,,Hyainailouridae
,,,,,Akhnatenavus,nefertiticyon
,,,Carnivora
,,,,Herpestidae
,,,,,Atilax,mesotes
,,,,Ailuridae
,,,,,Pristinailurus,bristoli
,,,,Felidae
,,,,,Felis,catus
,,,,,Megantereon,whitei
,,,,,Puma,concolor
,,,,,Leopardus,pardalis
,,,,,Dinofelis,barlowi,piveteaui
,,,,,Panthera,leo,pardus
,,,,,Homotherium,serum
,,,,,Lynx,rufus
,,,,,Acinonyx,jubatus
,,,,,Neofelis,nebulosa
,,,,Canidae
,,,,,Vulpes,vulpes,pulcher,pattisoni
,,,,,Simocyon,primigenius
,,,,,Hesperocyon,gregarius
,,,,,Speothos,venaticus
,,,,Mustelidae
,,,,,Enhydra,lutris
,,,,,Aonyx,capensis,cinerea
,,,,,Siamogale,melilutra
,,,,,Lutrogale,perspicillata
,,,,,Lontra,canadensis,felina,longicaudis
,,,,,Lutra,lutra
,,,,,Hydrictis,maculicollis
,,,,,Pteronura,brasiliensis
,,,,Viverridae
,,,,,Parahyaena,brunnea
,,,,,Arctictis,binturong
,,,,,Viverra,tangalunga
,,,,Ursidae
,,,,,Kolponomos,newportensis
,,,,,Ursus,americanus,arctos
,,,,,Arctodus,simus
,,,,Procyonidae
,,,,,Potos,flavus
,,,,,Nasua,narica,sp.
,,,,,Parailurus,anglicus,hungaricus,sp
,,,,Nimravidae
,,,,,Dinictis,squalidens
,,,,Hyaenidae
,,,,,Crocuta,crocuta
,,,,,Hyaena,hyaena,sp.
,,,,,Pachycrocuta,bellax
,,,,,Chasmaporthetes,nitidula,silberbergi
,,,,,Lycyaenops,silberbergi
,,,Apatotheria
,,,,Apatemyidae
,,,,,Apatemys,chardini
,,,Edentata;cingulata
,,,,Dasypodidae
,,,,,Dasypus,bellus,hybridus,novemcinctus,sp.,sabanicola
,,,Eulipotyphla
,,,,Nyctitheriidae
,,,,,Plagioctenodon,savagei,krausae
,,,,,Plagioctenoides,microlestes,sp.
,,,Chiroptera
,,,,Pteropodidae
,,,,,Eonycteris,robusta,spelaea
,,,,,Harpyionycteris,whiteheadi,celebensis
,,,,,Macroglossus,minimus,sobrinus
,,,,,Eidolon,helvum
,,,,,Megaerops,ecaudatus,niphanae
,,,,,Acerodon,jubatus,celebensis
,,,,,Pteropus,vampyrus,hypomelanus,pumilus,admiralitatum,alecto,capistratus,conspicillatus,livingstonii,poliocephalus,samoensis,scapulatus,tonganus,molossinus,rufus,lylei,ornatus,neohibernicus,mariannus,anetianus
,,,,,Otopteropus,cartilagonodus
,,,,,Nyctimene,aello,albiventer,cephalotes,major,robinsoni,vizcaccia,certans
,,,,,Myonycteris,torquata
,,,,,Ptenochirus,jagori,minor
,,,,,Penthetor,lucasi
,,,,,Haplonycteris,fischeri
,,,,,Rousettus,aegyptiacus,amplexicaudatus,leschenaultii
,,,,,Paranyctimene,raptor
,,,,,Balionycteris,maculata
,,,,,Nanonycteris,veldkampii
,,,,,Megaloglossus,woermanni
,,,,,Scotonycteris,zenkeri
,,,,,Hypsignathus,monstrosus
,,,,,Epomophorus,gambianus,labiatus,minor,wahlbergi
,,,,,Aethalops,alecto
,,,,,Epomops,franqueti
,,,,,Cynopterus,horsfieldii,brachyotis,sphinx,titthaecheilus
,,,,,Sphaerias,blanfordi
,,,,,Thoopterus,nigrescens
,,,,,Dobsonia,minor,pannietensis
,,,,Icaronycteridae
,,,,,Icaronycteris,index
,,,,Phyllostomatidae
,,,,,Platalina,genovensium
,,,,Thyropteridae
,,,,,Thyroptera,tricolor
,,,,Natalidae
,,,,,Natalus,stramineus,jamaicensis,tumidirostris,lepidus
,,,,,Chilonatalus,micropus
,,,,Emballonuridae
,,,,,Diclidurus,albus
,,,,,Saccolaimus,saccolaimus
,,,,,Taphozous,philippinensis,longimanus,mauritianus,nudiventris
,,,,,Peropteryx,kappleri,macrotis
,,,,,Centronycteris,maximiliani
,,,,,Emballonura,alecto,raffrayana,semicaudata
,,,,,Balantiopteryx,io,plicata
,,,,,Saccopteryx,canescens
,,,,Mormoopidae
,,,,,Pteronotus,davyi,gymnonotus,parnellii,personatus,macleayii
,,,,,Mormoops,megalophylla,blainvillii
,,,,Phyllostomidae
,,,,,Monophyllus,redmani
,,,,,Lophostoma,brasiliense,carrikeri,schulzi,silvicolum
,,,,,Phyllops,falcatus
,,,,,Choeroniscus,godmani,minor
,,,,,Macrophyllum,macrophyllum
,,,,,Chiroderma,salvini,trinitatum,villosum
,,,,,Erophylla,sezekorni
,,,,,Tonatia,saurophila
,,,,,Phyllostomus,discolor,elongatus,hastatus
,,,,,Vampyriscus,nymphaea,brocki
,,,,,Hsunycteris,thomasi
,,,,,Platyrrhinus,brachycephalus,dorsalis,helleri,infuscus,lineatus,vittatus
,,,,,Uroderma,bilobatum,magnirostrum
,,,,,Carollia,brevicauda,castanea,perspicillata,subrufa
,,,,,Mesophylla,macconnelli
,,,,,Vampyrodes,caraccioli
,,,,,Ametrida,centurio
,,,,,Lionycteris,spurrelli
,,,,,Sturnira,lilium,ludovici,magna,mordax,oporaphilum,bidens,nana,tildae,bogotensis
,,,,,Rhinophylla,pumilio,fischerae
,,,,,Centurio,senex
,,,,,Sphaeronycteris,toxophyllum
,,,,,Desmodus,rotundus
,,,,,Pygoderma,bilabiatum
,,,,,Mimon,cozumelae,crenulatum
,,,,,Diphylla,ecaudata
,,,,,Stenoderma,rufum
,,,,,Musonycteris,harrisoni
,,,,,Lonchorhina,aurita
,,,,,Phylloderma,stenops
,,,,,Leptonycteris,yerbabuenae,curasoae
,,,,,Phyllonycteris,aphylla,poeyi
,,,,,Anoura,caudifer,geoffroyi,cultrata,latidens
,,,,,Choeronycteris,mexicana
,,,,,Chrotopterus,auritus
,,,,,Artibeus,fimbriatus,hirsutus,jamaicensis,lituratus,planirostris,concolor,fraterculus,intermedius,obscurus
,,,,,Glossophaga,commissarisi,soricina,leachii,longirostris,morenoi
,,,,,Lichonycteris,obscura
,,,,,Trachops,cirrhosus
,,,,,Vampyressa,pusilla,melissa
,,,,,Glyphonycteris,sylvestris
,,,,,Diaemus,youngi
,,,,,Brachyphylla,cavernarum,nana
,,,,,Ariteus,flavescens
,,,,,Micronycteris,hirsuta,megalotis,minuta,brosseti,matses,microtis,schmidtorum
,,,,,Macrotus,waterhousii,californicus
,,,,,Hylonycteris,underwoodi
,,,,,Lonchophylla,robusta,handleyi,mordax
,,,,,Dermanura,anderseni,azteca,phaeotis,tolteca
,,,,,Ardops,nichollsi
,,,,Vespertilionidae
,,,,,Pipistrellus,coromandra,hesperidus,javanicus,nathusii,tenuis
,,,,,Corynorhinus,mexicanus,rafinesquii,townsendii
,,,,,Miniopterus,schreibersii,australis,pusillus,tristis
,,,,,Nyctalus,leisleri,noctula
,,,,,Hypsugo,savii
,,,,,Antrozous,pallidus
,,,,,Murina,aurata,cyclotis,huttonii
,,,,,Lasionycteris,noctivagans
,,,,,Plecotus,auritus
,,,,,Idionycteris,phyllotis
,,,,,Kerivoula,pellucida
,,,,,Scotophilus,heathii,kuhlii
,,,,,Eptesicus,andinus,brasiliensis,diminutus,furinalis,fuscus
,,,,,Myotis,albescens,auriculus,austroriparius,californicus,chiloensis,ciliolabrum,dasycneme,daubentonii,elegans,emarginatus,evotis,formosus,grisecens,horsfieldii,keenii,subulatus,lucifugus,macrotarsus,muricola,mystacinus,nigricans,riparius,ruber,simus,sodalis,thysanodes,velifer,vivesi,volans,yumanensis
,,,,,Perimyotis,subflavus
,,,,,Lasiurus,borealis,cinereus,ega,intermedius,seminolus
,,,,,Hesperoptenus,tickelli
,,,,,Rhogeessa,tumida
,,,,,Tylonycteris,pachypus,robustula
,,,,,Nycticeius,humeralis
,,,,,Philetor,brachypterus
,,,,,Neoromicia,capensis
,,,,,Vespertilio,murinus
,,,,Hipposideridae
,,,,,Coelops,frithii
,,,,,Asellia,tridens
,,,,Noctilionidae
,,,,,Noctilio,albiventris,leporinus
,,,,Megadermatidae
,,,,,Megaderma,lyra
,,,,Molossidae
,,,,,Molossops,temminckii
,,,,,Cheiromeles,parvidens,torquatus
,,,,,Chaerephon,jobensis,plicata,ansorgei,chapini,nigeriae,pumilus
,,,,,Otomops,martiensseni
,,,,,Cynomops,abrasus,paranus,planirostris
,,,,,Molossus,molossus,rufus,sinaloae
,,,,,Myopterus,daubentonii
,,,,,Mops,condylurus,leucostigma,midas,mops
,,,,,Promops,centralis,nasutus
,,,,,Nyctinomops,laticaudatus,macrotis,aurispinosus
,,,,,Eumops,dabbenei,patagonicus,perotis,underwoodi,bonariensis,glaucinus
,,,,,Mormopterus,acetabulosus,beccarii,planiceps
,,,,,Tadarida,fulminans,aegyptiaca,brasiliensis,teniotis
,,,,Onychonycteridae
,,,,,Onychonycteris,finneyi
,,,,Nycteridae
,,,,,Nycteris,arge,grandis,hispida,javanica,macrotis,thebaica
,,,,Rhinolophidae
,,,,,Rhinolophus,affinis,arcuatus,cornutus,acuminatus,aclyone,blasii,bocharicus,canuti,celebensis,clivosus,creaghi,darlingi,deckenii,euryale,ferrumequinum,fumigatus,hildebrandti,hillorum,hipposideros,imaizumii,landeri,lepidus,luctus,macrotis
,,,,,Cloeotis,percivali
,,,,,Aselliscus,tricuspidatus,stoliczkanus
,,,,,Hipposideros,armiger,diadema,pygmaeus,abae,ater,caffer,calcaratus,cervinus,cyclops,dyacorum,fuliginosus,gigas,grandis,larvatus,lylei,obscurus,pelingensis,pomona,ruber,turpis
,,,Lagomorpha
,,,,Leporidae
,,,,,Nekrolagus,progressus
,,,,,Sylvilagus,floridanus,aquaticus
,,,,,Pronolagus,sp.
,,,,,Lepus,sp.,bolti,californicus
,,,,,Oryctolagus,cuniculus
,,,,,Palaeolagus,haydeni
,,,,Ochotonidae
,,,,,Ochotona,princeps
,,,Didelphimorphia
,,,,Didelphidae
,,,,,Caluromys,sp.,derbianus
,,,,,Chironectes,minimus
,,,,,Marmosa,derbianus,sp.,mexicana,murina
,,,,,Thylamys,elegans,pallidior
,,,,,Lutreolina,crassicaudata
,,,,,Gracilinanus,microtarsus,agilis
,,,,,Monodelphis,domestica ,sp.
,,,,,Marmosops,noctivagus,incanus
,,,,,Micoureus,alstoni,demerarae
,,,,,Didelphis,marsupialis,virginiana,sp.
,,,,,Philander,opossum,andersoni,canus
,,,,Stagodontidae
,,,,,Didelphodon,vorax
,,,,Herpetotheriidae
,,,,,Herpetotherium,innominatum
,,,Erinaceomorpha
,,,,Amphilemuridae
,,,,,Proterixoides,davisi
,,,,Erinaceidae
,,,,,Erinaceus,europaeus,broomi
,,,,,Sespedectes,singularis
,,,,,Hemiechinus,auritus
,,,Proboscidea
,,,,Mammutidae
,,,,,Mammut,americanum
,,,,Elephantidae
,,,,,Mammuthus,cf. M. hayi,primigenius
,,,,,Elephas,recki
,,Aves
,,,Columbiformes
,,,,Columbidae
,,,,,Columba,livia
,,,,,Ptilinopus,superbus
,,,Apodiformes
,,,,Trochilidae
,,,,,Selasphorus,rufus
,,,,,Phaethornis,superciliosus
,,,,,Eutoxeres,condamini
,,,,Apodidae
,,,,,Apus,apus
,,,Falconiformes
,,,,Accipitridae
,,,,,Aquila,chrysaetos
,,,,Falconidae
,,,,,Falco,peregrinus,cenchroides,subbuteo,tinnunculus
,,,Passeriformes
,,,,Corvidae
,,,,,Corvus,corax
,,,,Dicruridae
,,,,,Dicrurus,paradiseus
,,,,Estrildidae
,,,,,Taeniopygia,guttata
,,,,Passeridae
,,,,,Passer,domesticus
,,,,Meliphagidae
,,,,,Acanthorhynchus,superciliosus
,,,,Parulidae
,,,,,Seiurus,aurocapilla
,,,Ciconiiformes
,,,,Ciconiidae
,,,,,Ciconia,ciconia,nigra
,,,Casuariiformes
,,,,Casuariidae
,,,,,Casuarius,Casuarius,unappendiculatus
,,,Gaviiformes
,,,,Gaviidae
,,,,,Gavia,immer
,,,Strigiformes
,,,,Podargidae
,,,,,Podargus,strigoides
,,,,Strigidae
,,,,,Athene,cunicularia
,,,,Steatornithidae
,,,,,Steatornis,caripensis
,,,Gruiformes
,,,,Gruidae
,,,,,Grus
,,,Phoenicopteriformes
,,,,Phoenicopteridae
,,,,,Phoenicopterus,ruber
,,,Charadriiformes
,,,,Charadriidae
,,,,,Vanellus,miles
,,,,Scolopacidae
,,,,,Scolopax,rusticola
,,,,,Arenaria,melanocephala
,,,,,Actitis,hypoleucos
,,,,Alcidae
,,,,,Alca,torda
,,,,,Uria,lomvia
,,,,Laridae
,,,,,Larus,philadelphia,argentatus
,,,,,Sterna,hirundo
,,,,,Creagrus,furcatus
,,,,,Chroicocephalus,philadelphia
,,,,Haematopodidae
,,,,,Haematopus,ostralegus
,,,,Laridae;sterninae
,,,,,Gelochelidon,nilotica
,,,Pelecaniformes
,,,,Ardeidae
,,,,,Ardea,cinerea
,,,,Balaenicipitidae
,,,,,Balaeniceps,rex
,,,,Phalacrocoracidae
,,,,,Phalacrocorax,harrisi,carbo
,,,Accipitriformes
,,,,Pandionidae
,,,,,Pandion,haliaetus
,,,,Sagittariidae
,,,,,Sagittarius,serpentarius
,,,,Accipitridae
,,,,,Buteo,buteo
,,,,Cathartidae
,,,,,Vultur,gryphus
,,,Sphenisciformes
,,,,Spheniscidae
,,,,,Spheniscus,magellanicus
,,,Coraciiformes
,,,,Alcedinidae;alcedininae
,,,,,Alcedo,atthis
,,,,Alcedinidae
,,,,,Dacelo,novaeguineae
,,,,Coraciidae
,,,,,Coracias,garrulus
,,,Cuculiformes
,,,,Coccyzidae
,,,,,Coccyzus,erythopthalmus,Coccyzus erythropthalmus
,,,,Cuculidae;cuculinae
,,,,,Cuculus,canorus
,,,Tinamiformes
,,,,Tinamidae
,,,,,Rhynchotus,rufescens
,,,,,Nothoprocta
,,,Anseriformes
,,,,
,,,,,Vegavis
,,,,Anhimidae
,,,,,Chauna,torquata 
,,,,Anatidae;anatinae
,,,,,Anas,discors,acuta,crecca
,,,,Anatidae
,,,,,Aix,sponsa
,,,,,Aythya,fuligula
,,,,,Oxyura,jamaicensis
,,,,,Cairina, moschata
,,,,,Chen
,,,,,Tachyeres,brachypterus
,,,,Anseranatidae
,,,,,Anseranas,semipalmata
,,,,Presbyornithidae
,,,,,Presbyornis
,,,Podicipediformes
,,,,Podicipedidae
,,,,,Podilymbus,podiceps
,,,,,Podiceps,nigricollis,cristatus
,,,Piciformes
,,,,Ramphastidae
,,,,,Ramphastos,dicolorus
,,,,Picidae
,,,,,Sphyrapicus,varius
,,,Caprimulgiformes
,,,,Caprimulgidae
,,,,,Nyctidromus,albicollis
,,,,,Caprimulgus,europaeus
,,,Opisthocomiformes
,,,,Opisthocomidae
,,,,,Opisthocomus,hoazin
,,,Pteroclidiformes
,,,,Pteroclididae
,,,,,Pterocles,quadricinctus
,,,Procellariiformes
,,,,Diomedeidae
,,,,,Diomedea,exulans
,,,,,Phoebastria
,,,,Hydrobatidae
,,,,,Pelagodroma,marina
,,,,Procellariidae
,,,,,Fulmarus,glacialis 
,,,Trogoniformes
,,,,Trogonidae
,,,,,Trogon,curucui
,,,Galliformes
,,,,Phasianidae
,,,,,Falcipennis,canadensis
,,,,,Alectoris,rufa
,,,,,Phasianus,colchicus
,,,,,Dendragapus,obscurus
,,,,,Gallus,gallus
,,,,,Coturnix,coturnix
,,,,,Meleagris,gallopavo
,,,,Cracidae
,,,,,Ortalis
,,,Psittaciformes
,,,,Psittacidae
,,,,,Trichoglossus,haematodus
,,,,,Ara,macao
,,,,,Melopsittacus,undulatus
,,,,,Amazona,viridigenalis
,,,,,Nestor,notabilis
,,,,,Psittacus,erithacus
,,,Phaethontiformes
,,,,Phaethontidae
,,,,,Phaethon,lepturus
,,,Struthioniformes
,,,,Struthionidae
,,,,,Struthio,camelus
,,,,Apterygidae
,,,,,Apteryx,haastii
,,,Suliformes
,,,,Fregatidae
,,,,,Fregata,magnificens
,,,,Sulidae
,,,,,Sula,dactylatra
,,,Cariamiformes
,,,,Phorusrhacidae
,,,,,Titanis,walleri
,,Amphibia
,,,Anura
,,,,Sooglossidae
,,,,,Sooglossus,sechellensis
,,,,Hyperolidae
,,,,,Callixalus,pictus
,,,,Brachycephalidae
,,,,,Brachycephalus,ephippium,sp,nodoterga,albolineatus,coloratus,curupira
,,,,,Ischnocnema,gualteri,guentheri
,,,,Rhinophrynidae
,,,,,Rhinophrynus,dorsalis
,,,,Pelodytidae
,,,,,Pelodytes,caucasicus
,,,,Rhinodermatidae
,,,,,Rhinoderma,darwinii
,,,,Calyptocephalellidae
,,,,,Calyptocephalella,gayi
,,,,Conrauidae
,,,,,Conraua,crassipes,goliath
,,,,Leptodactylidae
,,,,,Barycholos,pulcher
,,,,,Telmatobius,thompsoni
,,,,,Chacophrys,pierottii
,,,,,Atelognathus,patagonicus
,,,,,Leptodactylus,validus
,,,,
,,,,,Beelzebufo,ampinga
,,,,Centrolenidae
,,,,,Hyalinobatrachium,fleischmanni
,,,,,Cochranella,granulosa
,,,,,Centrolene,buckleyi
,,,,Petropedetidae
,,,,,Petropedetes,sp,palmipes,cf. vulpiae
,,,,Odontophrynidae
,,,,,Odontophrynus,americanus
,,,,,Macrogenioglottus,alipioi
,,,,,Proceratophrys,boiei
,,,,Allophrynidae
,,,,,Allophryne,ruthveni
,,,,Brevicipitidae
,,,,,Spelaeophryne
,,,,,Breviceps,poweri
,,,,,Probreviceps,macrodactylus
,,,,Hyperoliidae
,,,,,Afrixalus,orophilus
,,,,,Acanthixalus,spinosus
,,,,,Chrysobatrachus,cupreonitens
,,,,,Kassina,senegalensis
,,,,Phyllomedusinae
,,,,,Phyllomedusa,bicolor
,,,,Myobatrachidae
,,,,,Lechriodus,melanopyga
,,,,,Neobatrachus,pictus
,,,,Discoglossidae
,,,,,Barbourula,busuangensis
,,,,Leiopelmatidae
,,,,,Ascaphus,truei,montanus
,,,,,Leiopelma,hamiltoni
,,,,Megophryidae
,,,,,Leptolalax,aereus
,,,,,Ophryophryne,pachyproctus
,,,,,Brachytarsophrys,carinensis
,,,,,Xenophrys,major
,,,,Cycloramphidae
,,,,,Thoropa,taophora
,,,,,Cycloramphus,asper
,,,,,Zachaenus,parvulus
,,,,Ceratophryidae
,,,,,Lepidobatrachus,laevis
,,,,,Ceratophrys,aurita
,,,,Alytidae
,,,,,Alytes,obstetricans
,,,,,Discoglossus,pictus,sardus
,,,,Dicroglossidae
,,,,,Quasipaa,boulengeri
,,,,,Limnonectes,macrocephalus,blythii
,,,,,Hoplobatrachus,occipitalis
,,,,Hylidae
,,,,,Phyllodytes,luteolus
,,,,,Nyctimantis,rugiceps
,,,,,Pseudacris,ornata
,,,,,Hyla,femoralis,avivoca,andersonii,boans,chrysoscelis,cinerea
,,,,,Anotheca,spinosa
,,,,,Acris,crepitans,gryllus
,,,,,Litoria,aurea
,,,,,Corythomantis,greeningi
,,,,,Argenteohyla,siemersi
,,,,Pyxicephalidae
,,,,,Anhydrophryne,rattrayi
,,,,,Poyntonia,paludicola
,,,,,Pyxicephalus,adspersus
,,,,,Microbatrachella,capensis
,,,,,Nothophryne,broadleyi
,,,,Ptychadenidae
,,,,,Hildebrandtia,ornata
,,,,Hylodidae
,,,,,Hylodes,asper
,,,,,Crossodactylus,gaudichaudii
,,,,Arthroleptidae
,,,,,Leptopelis,notatus
,,,,,Cardioglossa,cyaneospila
,,,,,Leptodactylodon,ovatus
,,,,,Trichobatrachus,robustus
,,,,,Arthroleptis,bioko,tanneri,bivittatus,lonnbergi
,,,,,Astylosternus,diadematus
,,,,,Nyctibates,corrugatus
,,,,Hylinae
,,,,,Aparasphenodon,brunoi
,,,,Pipidae
,,,,,Pipa,parva
,,,,,Xenopus,clivii
,,,,Microhylidae
,,,,,Xenorhina,mehelyi
,,,,,Callulina,kisiwamsitu
,,,,,Gastrophryne,carolinensis
,,,,,Elachistocleis,bicolor
,,,,,Chaperina,fusca
,,,,,Paedophryne,swiftorum,kathismaphlox,sp.,titan
,,,,,Balebreviceps,hillmani
,,,,,Chiasmocleis,altomontana,capixaba,gnoma ,albopunctata,mantiqueira,royi,crucis
,,,,,Melanobatrachus,indicus
,,,,,Plethodontohyla,alluaudi,laevis
,,,,,Uperodon,montanus,systoma
,,,,,Syncope,antenori
,,,,,Rhombophryne,coronata,guentherpetersi,ornata,tany,vaventy,serratopalpebrosa,alluaudi
,,,,,Stumpffia,pygmaea
,,,,Pelobatidae
,,,,,Pelobates,fuscus,varaldii
,,,,,Scaphiopus,holbrookii
,,,,,Leptobrachium,hasseltii
,,,,Heleophrynidae
,,,,,Heleophryne,natalensis,purcelli
,,,,,Hadromophryne,natalensis
,,,,Batrachylidae
,,,,,Hylorina,sylvatica
,,,,,Batrachyla,taeniata
,,,,Hemiphractidae
,,,,,Cryptobatrachus,boulengeri
,,,,,Hemiphractus,fasciatus,proboscideus,elioti,kaylockae
,,,,,Gastrotheca,peruana
,,,,Bombinatoridae
,,,,,Bombina,maxima
,,,,Alsodidae
,,,,,Alsodes,nodosus
,,,,,Eupsophus,roseus
,,,,,Limnomedusa,macroglossa
,,,,Ranixalidae
,,,,,Indirana,phrynoderma
,,,,Nasikabatrachidae
,,,,,Nasikabatrachus,sahyadrensis
,,,,Hemisotidae
,,,,,Hemisus,guineensis
,,,,Rhacophoridae
,,,,,Raorchestes,manohari,primarrumpfi,flaviocularas,nerostegona,ochlandrae,resplendens,parvulus,chalazodes
,,,,,Theloderma,phrynoderma
,,,,,Rhacophorus,schlegeli,nigripunctatus,appendiculatus,catamitus,batakensis,feae
,,,,,Feihyla,palpebralis
,,,,,Polypedates,macrotis
,,,,,Chiromantis,rufescens
,,,,,Buergeria,japonica
,,,,Craugastoridae
,,,,,Craugastor,laticeps
,,,,Bufonidae
,,,,,Nectophryne,afra
,,,,,Melanophryniscus,stelzneri
,,,,,Nectophrynoides,viviparus
,,,,,Atelopus,oxyrhynchus,ignescens
,,,,,Frostius,pernambucensis
,,,,,Didynamipus,sjostedti
,,,,,Altiphrynoides,malcomi
,,,,,Adenomus,kelaartii
,,,,,Mertensophryne,micranotis
,,,,,Peltophryne,guentheri
,,,,,Schismaderma,carens
,,,,,Truebella,tothastes,skoptes
,,,,,Anaxyrus,fowleri,quercicus,terrestris
,,,,,Laurentophryne,parkeri
,,,,,Wolterstorffina,parvipalmata
,,,,Strabomantidae
,,,,,Oreobates,quixensis
,,,,,Strabomantis,anomalus
,,,,Scaphiopodidae
,,,,,Spea,multiplicata
,,,,Eleutherodactylidae
,,,,,Eleutherodactylus,orientalis,dimidiatus,glaphycompus,johnstonei,karlschmidti,atkinsi
,,,,Dendrobatidae
,,,,,Oophaga,pumilio
,,,,,Ameerega,trivittata
,,,,,Phyllobates,bicolor
,,,,,Colostethus,sylvaticus
,,,,,Mannophryne,olmonae,trinitatis
,,,,,Allobates,kingsburyi
,,,,,Rheobates,palmatus
,,,,Ranidae
,,,,,Occidozyga,laevis
,,,,,Nyctibatrachus,aliciae,major
,,,,,Cacosternum,boettgeri,namaquense
,,,,,Amnirana,albolabris
,,,,,Lithobates,grylio
,,,,,Amolops,compotrix,spinapectoralis
,,,,,Natalobatrachus,bonebergi
,,,,,Odorrana,chapaensis
,,,,,Arthroleptella,lightfooti
,,,,,Micrixalus,adonis,herrei
,,,,,Rana,clamitans,capito
,,,,,Phrynobatrachus,krefftii
,,,,,Tomopterna,delandii,marmorata,tuberculosa
,,,,,Hylarana,erythraea
,,,,,Fejervarya,limnocharis
,,,Caudata
,,,,Proteidae
,,,,,Necturus,lewisi,beyeri
,,,,Salamandridae
,,,,,Ichthyosaura,alpestris
,,,,,Calotriton,arnoldi
,,,,,Pachytriton,labiatus
,,,,,Pleurodeles,waltl
,,,,,Notophthalmus,viridescens,meridionalis
,,,,,Cynops,pyrrhogaster
,,,,,Tylototriton,panhai
,,,,,Lissotriton,helviticus,vulgaris
,,,,Amphiumidae
,,,,,Amphiuma,means
,,,,Cryptobranchidae
,,,,,Cryptobranchus,alleganiensis
,,,,Ambystomatidae
,,,,,Ambystoma,mavortium,maculatum
,,,,Plethodontidae
,,,,,Bolitoglossa,franklini,mexicana
,,,,,Desmognathus,auriculatus,apalachicolae,sp,floridanus ,conanti,valentinei
,,,,,Gyrinophilus,porphyriticus
,,,,Sirenidae
,,,,,Siren,intermedia
,,Actinopteri
,,,Scorpaeniformes
,,,,Cottidae
,,,,,Radulinus,vinculus,boleoides,asprellus
,,,Gobiesociformes
,,,,Gobiesocidae
,,,,,Derilissus,altifrons,nanus
,,,,,Gymnoscyphus,ascitus
,,,Cypriniformes
,,,,Cyprinidae
,,,,,Pseudobarbus,afer,phlegethon,asper
,,,Siluriformes
,,,,Pimelodidae
,,,,,Pimelodus,blochii
,,,Anguilliformes
,,,,Ophichthidae
,,,,,Ophichthus,rex
,,,Gymnotiformes
,,,,Sternopygidae
,,,,,Rhabdolichops,caviceps,eastwardi,zareti,electrogrammus
,,,,Apteronotidae
,,,,,Magosternarchus,raptor
,,,Tetraodontiformes
,,,,Triacanthodidae
,,,,,Tydemania,navigatoris
,,,,Balitoridae:balitorinae
,,,,,Homaloptera,rupicola,montana,sexmaculata,stephensoni,gymnogaster,ocellata
,,,,Tetraodontidae
,,,,,Leiodon,cutcutia
,,,Perciformes
,,,,Chaenopsidae
,,,,,Acanthemblemaria,hancocki,exilispinus,crockeri,maria,balanorum,rivasi,chaplini
,,,,Serranidae
,,,,,Epinephelus,nigritus
,,,,Dactyloscopidae
,,,,,Platygillellus,rubrocinctus
,,,Pleuronectiformes
,,,,Achiridae
,,,,,Gymnachirus,melas
,,,Osteoglossiformes
,,,,Mormyridae
,,,,,Mormyrus,rume
,,,Characiformes
,,,,Serrasalmidae
,,,,,Ossubtus,xinguense
,,,,,Myloplus,rhomboidalis,rubripinnis
,,,,,Acnodon,normani
,,,,,Myleus,rubripinnis,rhomboidalis,schomburgkii,setiger,torquatus,levis,asterias
,,,,Cynodontidae
,,,,,Cynodon,gibbus
,,,,Anostomidae
,,,,,Synaptolaemus,cingulatus
,,,Batrachoidiformes
,,,,Batrachoididae
,,,,,Amphichthys,cryptocentrus
,,Chondrichthys
,,,Myliobatiformes
,,,,Dasyatidae
,,,,,Dasyatis,akajei,zugei,guttata,americana
